AutotraderInventory_TotalDealers_Inventory,BrandMedia_ConnectedTV_Spends,BrandMedia_Display_Spends,BrandMedia_LiveStreamVideo_Spends,BrandMedia_OOH_Spends,BrandMedia_Radio_Spends,BrandMedia_Social_Spends,BrandMedia_TotalDigitalVideo_Spends,CargurusInventory_PayingFranchiseDealers_Inventory,CargurusInventory_TotalPayingDealers_Inventory,clientInventory_TotalDealers_Inventory,Competitor_CDKGlobal_CostofRevenue,Competitor_CDKGlobal_Revenue,Competitor_CDKWebsite_Revenue,Competitor_CarGurus_CostofRevenue,Competitor_CarGurus_MarketingandSales,Competitor_CarGurus_OperatingExpense,Competitor_CarGurus_Revenue,Competitor_client.com_CostofRevenue,Competitor_client.com_MarketingandSales,Competitor_client.com_Revenue,Macro_Total_Population,Macro_Total_RealDisposablePersonalIncomePerCapita,Macro_Total_TotalVehicleSales,NonPaid_Apps_Leads,NonPaid_Apps_Visits,NonPaid_Direct_Leads,NonPaid_Direct_Visits,NonPaid_Email_Leads,NonPaid_Email_Visits,NonPaid_SEO_Leads,NonPaid_SEO_Visits,PerformanceMedia_App_Spends,PerformanceMedia_Display_Leads,PerformanceMedia_Display_Spends,PerformanceMedia_PaidSearch_Leads,PerformanceMedia_PaidSearch_Spends,PerformanceMedia_Partner_Leads,PerformanceMedia_Partners_Spends,RevenueByBusiness_FuelFuel_Revenue,Total_Total_flag-covidpostlockdown3,Total_Total_flag-precontractexpire,Total_Total_trend-month,Total_DeseasonalizedMarketplace_Revenue
5344.393103,0,0,0,0,0,0,0,2535.586207,5700.572414,4444.17931,22944444.44,44846666.67,5883337.522,435555.5556,5561733.333,6937777.778,7676666.667,1484466.667,5136055.556,12444444.44,73661677419,9837.032258,3949806.452,0,1799545.097,0,2643675.097,0,184857.129,0,1191621.968,38500,355595.7697,448914.7419,355595.7697,1123132.839,7854.908453,178953.6452,0,0,1,1,5652935.905
5344.393103,0,0,0,0,0,0,0,2535.586207,5700.572414,4444.17931,22944444.44,44846666.67,5883337.522,435555.5556,5561733.333,6937777.778,7676666.667,1484466.667,5136055.556,12444444.44,73661677419,9837.032258,3949806.452,0,1799545.097,0,2643675.097,0,184857.129,0,1191621.968,38500,355595.7697,448914.7419,355595.7697,1123132.839,7854.908453,178953.6452,0,0,1,1,5652935.905
5344.393103,0,0,0,0,0,0,0,2535.586207,5700.572414,4444.17931,22944444.44,44846666.67,5883337.522,435555.5556,5561733.333,6937777.778,7676666.667,1484466.667,5136055.556,12444444.44,73661677419,9837.032258,3949806.452,0,1799545.097,0,2643675.097,0,184857.129,0,1191621.968,38500,355595.7697,448914.7419,355595.7697,1123132.839,7854.908453,178953.6452,0,0,1,1,5652935.905
5344.393103,0,0,0,0,0,0,0,2535.586207,5700.572414,4444.17931,22944444.44,44846666.67,5883337.522,435555.5556,5561733.333,6937777.778,7676666.667,1484466.667,5136055.556,12444444.44,73661677419,9837.032258,3949806.452,0,1799545.097,0,2643675.097,0,184857.129,0,1191621.968,38500,355595.7697,448914.7419,355595.7697,1123132.839,7854.908453,178953.6452,0,0,1,1,5652935.905
5344.393103,0,0,0,0,0,0,0,2535.586207,5700.572414,4444.17931,22944444.44,44846666.67,5883337.522,435555.5556,5561733.333,6937777.778,7676666.667,1484466.667,5136055.556,12444444.44,78186861751,10454.29954,4212345.622,0,1897929.899,0,2745327.184,0,209741.0553,0,1274079.843,55963.28571,389329.7012,700156.8894,769199.7626,1174696.931,16428.12988,225736.2765,0,0,1,2,6184718.615
5344.393103,0,0,0,0,0,0,0,2535.586207,5700.572414,4444.17931,22944444.44,44846666.67,5883337.522,435555.5556,5561733.333,6937777.778,7676666.667,1484466.667,5136055.556,12444444.44,81580750000,10917.25,4409250,0,1971718.5,0,2821566.25,0,228404,0,1335923.25,69060.75,414630.1498,888588.5,1079402.757,1213370,22858.04595,260823.25,0,0,1,2,7046993.478
5344.393103,0,0,0,0,0,0,0,2535.586207,5700.572414,4444.17931,22944444.44,44846666.67,5883337.522,435555.5556,5561733.333,6937777.778,7676666.667,1484466.667,5136055.556,12444444.44,81580750000,10917.25,4409250,0,1971718.5,0,2821566.25,0,228404,0,1335923.25,69060.75,414630.1498,888588.5,1079402.757,1213370,22858.04595,260823.25,0,0,1,2,7046993.478
5344.393103,0,0,0,0,0,0,0,2535.586207,5700.572414,4444.17931,22944444.44,44846666.67,5883337.522,435555.5556,5561733.333,6937777.778,7676666.667,1484466.667,5136055.556,12444444.44,81580750000,10917.25,4409250,0,1971718.5,0,2821566.25,0,228404,0,1335923.25,69060.75,414630.1498,888588.5,1079402.757,1213370,22858.04595,260823.25,0,0,1,2,7046993.478
5344.393103,0,0,0,0,0,0,0,2535.586207,5700.572414,4444.17931,22944444.44,44846666.67,5883337.522,435555.5556,5561733.333,6937777.778,7676666.667,1484466.667,5136055.556,12444444.44,77084081797,10330.56336,4155614.055,0,1971580.15,0,2789755.969,0,227478.7834,0,1356671.697,99368.43203,382811.1831,915602.7396,981330.4129,1004130.424,24732.49609,267659.9735,0,0,1,3,7154187.741
5344.393103,0,0,0,0,0,0,0,2535.586207,5700.572414,4444.17931,22944444.44,44846666.67,5883337.522,435555.5556,5561733.333,6937777.778,7676666.667,1484466.667,5136055.556,12444444.44,73711580645,9890.548387,3965387.097,0,1971476.387,0,2765898.258,0,226784.871,0,1372233.032,122099.1935,358946.9581,935863.4194,907776.1546,847200.7419,26138.3337,272787.5161,0,0,1,3,6874598.071
5344.393103,0,0,0,0,0,0,0,2535.586207,5700.572414,4444.17931,22944444.44,44846666.67,5883337.522,435555.5556,5561733.333,6937777.778,7676666.667,1484466.667,5136055.556,12444444.44,73711580645,9890.548387,3965387.097,0,1971476.387,0,2765898.258,0,226784.871,0,1372233.032,122099.1935,358946.9581,935863.4194,907776.1546,847200.7419,26138.3337,272787.5161,0,0,1,3,6874598.071
5344.393103,0,0,0,0,0,0,0,2535.586207,5700.572414,4444.17931,22944444.44,44846666.67,5883337.522,435555.5556,5561733.333,6937777.778,7676666.667,1484466.667,5136055.556,12444444.44,73711580645,9890.548387,3965387.097,0,1971476.387,0,2765898.258,0,226784.871,0,1372233.032,122099.1935,358946.9581,935863.4194,907776.1546,847200.7419,26138.3337,272787.5161,0,0,1,3,6874598.071
5344.393103,0,0,0,0,0,0,0,2535.586207,5700.572414,4444.17931,22836996.34,44694945.05,5886489.327,439267.3993,5656573.626,7077435.897,7792087.912,1522982.418,5056476.19,12518446.89,74066788172,9940.27957,3988003.226,0,1966201.07,0,2754767.035,0,225285.8989,0,1375626.875,112742.3849,351668.6874,916700.4452,898796.3319,806618.0645,26808.29368,267836.7043,0,0,1,3,6911511.139
5344.393103,0,0,0,0,0,0,0,2535.586207,5700.572414,4444.17931,22192307.69,43784615.38,5905400.154,461538.4615,6225615.385,7915384.615,8484615.385,1754076.923,4579000,12962461.54,76198033333,10238.66667,4123700,0,1934549.167,0,2687979.7,0,216292.0667,0,1395989.933,56601.53333,307999.0632,801722.6,844917.3952,563122,30828.05357,238131.8333,0,0,1,4,8047205.338
5344.393103,0,0,0,0,0,0,0,2535.586207,5700.572414,4444.17931,22192307.69,43784615.38,5905400.154,461538.4615,6225615.385,7915384.615,8484615.385,1754076.923,4579000,12962461.54,76198033333,10238.66667,4123700,0,1934549.167,0,2687979.7,0,216292.0667,0,1395989.933,56601.53333,307999.0632,801722.6,844917.3952,563122,30828.05357,238131.8333,0,0,1,4,8047205.338
5344.393103,0,0,0,0,0,0,0,2535.586207,5700.572414,4444.17931,22192307.69,43784615.38,5905400.154,461538.4615,6225615.385,7915384.615,8484615.385,1754076.923,4579000,12962461.54,76198033333,10238.66667,4123700,0,1934549.167,0,2687979.7,0,216292.0667,0,1395989.933,56601.53333,307999.0632,801722.6,844917.3952,563122,30828.05357,238131.8333,0,0,1,4,8047205.338
5344.393103,0,0,0,0,0,0,0,2535.586207,5700.572414,4444.17931,22192307.69,43784615.38,5905400.154,461538.4615,6225615.385,7915384.615,8484615.385,1754076.923,4579000,12962461.54,76198033333,10238.66667,4123700,0,1934549.167,0,2687979.7,0,216292.0667,0,1395989.933,56601.53333,307999.0632,801722.6,844917.3952,563122,30828.05357,238131.8333,0,0,1,4,8047205.338
5344.393103,0,0,0,0,0,0,0,2535.586207,5700.572414,4444.17931,22192307.69,43784615.38,5905400.154,461538.4615,6225615.385,7915384.615,8484615.385,1754076.923,4579000,12962461.54,74117497849,9977.827957,4010454.839,0,1936899.005,0,2823980.132,0,218883.5118,0,1408856.617,82243.03011,370460.124,586006.5742,760121.4724,733932.9032,689498.5238,294901.1559,0,0,1,5,7796970.725
5344.393103,0,0,0,0,0,0,0,2535.586207,5700.572414,4444.17931,22192307.69,43784615.38,5905400.154,461538.4615,6225615.385,7915384.615,8484615.385,1754076.923,4579000,12962461.54,73770741935,9934.354839,3991580.645,0,1937290.645,0,2846646.871,0,219315.4194,0,1411001.065,86516.6129,380870.3008,550053.9032,745988.8186,762401.3871,799276.9355,304362.7097,0,0,1,5,7765627.548
5344.393103,0,0,0,0,0,0,0,2535.586207,5700.572414,4444.17931,22192307.69,43784615.38,5905400.154,461538.4615,6225615.385,7915384.615,8484615.385,1754076.923,4579000,12962461.54,73770741935,9934.354839,3991580.645,0,1937290.645,0,2846646.871,0,219315.4194,0,1411001.065,86516.6129,380870.3008,550053.9032,745988.8186,762401.3871,799276.9355,304362.7097,0,0,1,5,7765627.548
5344.393103,0,0,0,0,0,0,0,2535.586207,5700.572414,4444.17931,22192307.69,43784615.38,5905400.154,461538.4615,6225615.385,7915384.615,8484615.385,1754076.923,4579000,12962461.54,73770741935,9934.354839,3991580.645,0,1937290.645,0,2846646.871,0,219315.4194,0,1411001.065,86516.6129,380870.3008,550053.9032,745988.8186,762401.3871,799276.9355,304362.7097,0,0,1,5,7765627.548
5344.393103,0,0,0,0,0,0,0,2535.586207,5700.572414,4444.17931,22192307.69,43784615.38,5905400.154,461538.4615,6225615.385,7915384.615,8484615.385,1754076.923,4579000,12962461.54,74839409677,10087.47419,4054403.226,0,1915372.726,0,2758682.855,0,231613.9968,0,1409927.423,101865.8645,262813.4039,565132.4161,472452.4327,743542.0355,464329.3703,309881.6484,0,0,1,6,7851553.345
5344.393103,0,0,0,0,0,0,0,2535.586207,5700.572414,4444.17931,22192307.69,43784615.38,5905400.154,461538.4615,6225615.385,7915384.615,8484615.385,1754076.923,4579000,12962461.54,76264300000,10291.63333,4138166.667,0,1886148.833,0,2641397.5,0,248012.1,0,1408495.9,122331.5333,105404.208,585237.1,107737.2515,718396.2333,17732.61666,317240.2333,0,0,1,6,8664262.622
5344.393103,0,0,0,0,0,0,0,2535.586207,5700.572414,4444.17931,22192307.69,43784615.38,5905400.154,461538.4615,6225615.385,7915384.615,8484615.385,1754076.923,4579000,12962461.54,76264300000,10291.63333,4138166.667,0,1886148.833,0,2641397.5,0,248012.1,0,1408495.9,122331.5333,105404.208,585237.1,107737.2515,718396.2333,17732.61666,317240.2333,0,0,1,6,8664262.622
5344.393103,0,0,0,0,0,0,0,2535.586207,5700.572414,4444.17931,22192307.69,43784615.38,5905400.154,461538.4615,6225615.385,7915384.615,8484615.385,1754076.923,4579000,12962461.54,76264300000,10291.63333,4138166.667,0,1886148.833,0,2641397.5,0,248012.1,0,1408495.9,122331.5333,105404.208,585237.1,107737.2515,718396.2333,17732.61666,317240.2333,0,0,1,6,8664262.622
5344.393103,0,0,0,0,0,0,0,2535.586207,5700.572414,4444.17931,22082847.59,43556844.24,5906359.821,465169.613,6259067.845,7969397.993,8566005.733,1764364.071,4533552.795,12950898.71,75917948387,10248.52903,4111580.645,0,1891216.742,0,2657933.29,0,248847.3806,0,1437118.458,122050.729,114787.5127,541750.1226,128860.2961,686722.8452,21993.73488,327048.3613,0,0,1,6,8475049.994
5344.393103,0,0,0,0,0,0,0,2535.586207,5700.572414,4444.17931,21426086.96,42190217.39,5912117.826,486956.5217,6459782.609,8293478.261,9054347.826,1826086.957,4260869.565,12881521.74,73839838710,9989.903226,3952064.516,0,1921624.194,0,2757148.032,0,253859.0645,0,1608853.806,120365.9032,171087.341,280828.2581,255598.5641,496682.5161,47560.44422,385897.129,0,0,1,7,7704321.64
5344.393103,0,0,0,0,0,0,0,2535.586207,5700.572414,4444.17931,21426086.96,42190217.39,5912117.826,486956.5217,6459782.609,8293478.261,9054347.826,1826086.957,4260869.565,12881521.74,73839838710,9989.903226,3952064.516,0,1921624.194,0,2757148.032,0,253859.0645,0,1608853.806,120365.9032,171087.341,280828.2581,255598.5641,496682.5161,47560.44422,385897.129,0,0,1,7,7704321.64
5344.393103,0,0,0,0,0,0,0,2535.586207,5700.572414,4444.17931,21426086.96,42190217.39,5912117.826,486956.5217,6459782.609,8293478.261,9054347.826,1826086.957,4260869.565,12881521.74,73839838710,9989.903226,3952064.516,0,1921624.194,0,2757148.032,0,253859.0645,0,1608853.806,120365.9032,171087.341,280828.2581,255598.5641,496682.5161,47560.44422,385897.129,0,0,1,7,7704321.64
5344.393103,0,0,0,0,0,0,0,2535.586207,5700.572414,4444.17931,21426086.96,42190217.39,5912117.826,486956.5217,6459782.609,8293478.261,9054347.826,1826086.957,4260869.565,12881521.74,73839838710,9989.903226,3952064.516,0,1921624.194,0,2757148.032,0,253859.0645,0,1608853.806,120365.9032,171087.341,280828.2581,255598.5641,496682.5161,47560.44422,385897.129,0,0,1,7,7704321.64
5344.393103,0,0,0,0,0,0,0,2535.586207,5700.572414,4444.17931,21426086.96,42190217.39,5912117.826,486956.5217,6459782.609,8293478.261,9054347.826,1826086.957,4260869.565,12881521.74,73865967742,10007.32258,3934483.871,0,1925315.968,0,2683618.032,0,273177.6129,0,1721159.29,112337.0323,387577.2555,239932.7742,458703.4318,522107.5161,56794.29269,376017.9355,0,0,1,8,7136846.761
5344.393103,0,0,0,0,0,0,0,2535.586207,5700.572414,4444.17931,21426086.96,42190217.39,5912117.826,486956.5217,6459782.609,8293478.261,9054347.826,1826086.957,4260869.565,12881521.74,73876419355,10014.29032,3927451.613,0,1926792.677,0,2654206.032,0,280905.0323,0,1766081.484,109125.4839,474173.2213,223574.5806,539945.3789,532277.5161,60487.83207,372066.2581,0,0,1,8,7211392.843
5344.393103,0,0,0,0,0,0,0,2535.586207,5700.572414,4444.17931,21426086.96,42190217.39,5912117.826,486956.5217,6459782.609,8293478.261,9054347.826,1826086.957,4260869.565,12881521.74,73876419355,10014.29032,3927451.613,0,1926792.677,0,2654206.032,0,280905.0323,0,1766081.484,109125.4839,474173.2213,223574.5806,539945.3789,532277.5161,60487.83207,372066.2581,0,0,1,8,7211392.843
5344.393103,0,0,0,0,0,0,0,2535.586207,5700.572414,4444.17931,21426086.96,42190217.39,5912117.826,486956.5217,6459782.609,8293478.261,9054347.826,1826086.957,4260869.565,12881521.74,73876419355,10014.29032,3927451.613,0,1926792.677,0,2654206.032,0,280905.0323,0,1766081.484,109125.4839,474173.2213,223574.5806,539945.3789,532277.5161,60487.83207,372066.2581,0,0,1,8,7211392.843
5344.393103,0,0,0,0,0,0,0,2535.586207,5700.572414,4444.17931,21426086.96,42190217.39,5912117.826,486956.5217,6459782.609,8293478.261,9054347.826,1826086.957,4260869.565,12881521.74,74590737634,10106.06452,3992722.581,0,1920222.217,0,2594879.518,0,274584.4516,0,1751066.308,120350.5075,424105.6851,309285.3957,555706.683,521474.2258,57198.14101,369787.3462,0,0,1,9,7006605.477
5344.393103,0,0,0,0,0,0,0,2535.586207,5700.572414,4444.17931,21426086.96,42190217.39,5912117.826,486956.5217,6459782.609,8293478.261,9054347.826,1826086.957,4260869.565,12881521.74,76376533333,10335.5,4155900,0,1903796.067,0,2446563.233,0,258783,0,1713528.367,148413.0667,298936.8447,523562.4333,595109.9434,494466,48973.91336,364090.0667,0,0,1,9,7116109.41
5344.393103,0,0,0,0,0,0,0,2535.586207,5700.572414,4444.17931,21426086.96,42190217.39,5912117.826,486956.5217,6459782.609,8293478.261,9054347.826,1826086.957,4260869.565,12881521.74,76376533333,10335.5,4155900,0,1903796.067,0,2446563.233,0,258783,0,1713528.367,148413.0667,298936.8447,523562.4333,595109.9434,494466,48973.91336,364090.0667,0,0,1,9,7116109.41
5344.393103,0,0,0,0,0,0,0,2535.586207,5700.572414,4444.17931,21426086.96,42190217.39,5912117.826,486956.5217,6459782.609,8293478.261,9054347.826,1826086.957,4260869.565,12881521.74,76376533333,10335.5,4155900,0,1903796.067,0,2446563.233,0,258783,0,1713528.367,148413.0667,298936.8447,523562.4333,595109.9434,494466,48973.91336,364090.0667,0,0,1,9,7116109.41
5344.393103,0,0,0,0,0,0,0,2535.586207,5700.572414,4444.17931,21426086.96,42190217.39,5912117.826,486956.5217,6459782.609,8293478.261,9054347.826,1826086.957,4260869.565,12881521.74,76376533333,10335.5,4155900,0,1903796.067,0,2446563.233,0,258783,0,1713528.367,148413.0667,298936.8447,523562.4333,595109.9434,494466,48973.91336,364090.0667,0,0,1,9,7116109.41
5344.393103,0,0,0,0,0,0,0,2535.586207,5700.572414,4444.17931,23579347.83,44921739.13,6289226.087,525000,6542793.478,8544565.217,9594565.217,2011967.391,3898619.565,12501086.96,73946419355,10017.22581,4089806.452,0,1822607.161,0,2460233.097,0,215657.5806,0,1723740.742,138921.5484,109396.4367,90118.45161,614060.1173,494527.1935,61231.97708,399900.0645,0,0,1,10,7096189.782
5344.393103,0,0,0,0,0,0,0,2535.586207,5700.572414,4444.17931,23579347.83,44921739.13,6289226.087,525000,6542793.478,8544565.217,9594565.217,2011967.391,3898619.565,12501086.96,73946419355,10017.22581,4089806.452,0,1822607.161,0,2460233.097,0,215657.5806,0,1723740.742,138921.5484,109396.4367,90118.45161,614060.1173,494527.1935,61231.97708,399900.0645,0,0,1,10,7096189.782
5344.393103,0,0,0,0,0,0,0,2535.586207,5700.572414,4444.17931,23579347.83,44921739.13,6289226.087,525000,6542793.478,8544565.217,9594565.217,2011967.391,3898619.565,12501086.96,73946419355,10017.22581,4089806.452,0,1822607.161,0,2460233.097,0,215657.5806,0,1723740.742,138921.5484,109396.4367,90118.45161,614060.1173,494527.1935,61231.97708,399900.0645,0,0,1,10,7096189.782
5344.393103,0,0,0,0,0,0,0,2535.586207,5700.572414,4444.17931,23579347.83,44921739.13,6289226.087,525000,6542793.478,8544565.217,9594565.217,2011967.391,3898619.565,12501086.96,73946419355,10017.22581,4089806.452,0,1822607.161,0,2460233.097,0,215657.5806,0,1723740.742,138921.5484,109396.4367,90118.45161,614060.1173,494527.1935,61231.97708,399900.0645,0,0,1,10,7096189.782
5344.393103,0,0,0,0,0,0,0,2535.586207,5700.572414,4444.17931,23579347.83,44921739.13,6289226.087,525000,6542793.478,8544565.217,9594565.217,2011967.391,3898619.565,12501086.96,75372255914,10214.96344,4144640.86,0,1785296.155,0,2375474.146,0,211937.4774,0,1702141.766,141914.7398,104113.1737,114737.3935,559585.0532,555398.8925,66332.97421,387894.1419,0,0,1,11,7007414.456
5344.393103,0,0,0,0,0,0,0,2535.586207,5700.572414,4444.17931,23579347.83,44921739.13,6289226.087,525000,6542793.478,8544565.217,9594565.217,2011967.391,3898619.565,12501086.96,76441633333,10363.26667,4185766.667,0,1757312.9,0,2311904.933,0,209147.4,0,1685942.533,144159.6333,100150.7264,133201.6,518728.7551,601052.6667,70158.72206,378889.7,0,0,1,11,7071169.32
5344.393103,0,0,0,0,0,0,0,2535.586207,5700.572414,4444.17931,23579347.83,44921739.13,6289226.087,525000,6542793.478,8544565.217,9594565.217,2011967.391,3898619.565,12501086.96,76441633333,10363.26667,4185766.667,0,1757312.9,0,2311904.933,0,209147.4,0,1685942.533,144159.6333,100150.7264,133201.6,518728.7551,601052.6667,70158.72206,378889.7,0,0,1,11,7071169.32
5344.393103,0,0,0,0,0,0,0,2535.586207,5700.572414,4444.17931,23579347.83,44921739.13,6289226.087,525000,6542793.478,8544565.217,9594565.217,2011967.391,3898619.565,12501086.96,76441633333,10363.26667,4185766.667,0,1757312.9,0,2311904.933,0,209147.4,0,1685942.533,144159.6333,100150.7264,133201.6,518728.7551,601052.6667,70158.72206,378889.7,0,0,1,11,7071169.32
1516,0,0,0,0,0,0,0,719,1628,1378,23579347.83,44921739.13,6289226.087,525000,6542793.478,8544565.217,9594565.217,2011967.391,3898619.565,12501086.96,75744521505,10300.01075,4151510.753,0,1753069.113,0,2287395.376,0,182841.5806,0,1659290.602,143737.2957,123387.8952,156749.5484,531906.623,619477.0753,68871.11025,373250.9839,0,0,1,12,7138815.552
5306,0,0,0,0,0,0,0,2516,5697,4825,23579347.83,44921739.13,6289226.087,525000,6542793.478,8544565.217,9594565.217,2011967.391,3898619.565,12501086.96,74001741935,10141.87097,4065870.968,0,1742459.645,0,2226121.484,0,117077.0323,0,1592660.774,142681.4516,181480.8172,215619.4194,564851.2929,665538.0968,65652.08072,359154.1935,0,0,1,12,7277443.345
5306,0,0,0,0,0,0,0,2516,5697,4825,23579347.83,44921739.13,6289226.087,525000,6542793.478,8544565.217,9594565.217,2011967.391,3898619.565,12501086.96,74001741935,10141.87097,4065870.968,0,1742459.645,0,2226121.484,0,117077.0323,0,1592660.774,142681.4516,181480.8172,215619.4194,564851.2929,665538.0968,65652.08072,359154.1935,0,0,1,12,7277443.345
5306,0,0,0,0,0,0,0,2516,5697,4825,23579347.83,44921739.13,6289226.087,525000,6542793.478,8544565.217,9594565.217,2011967.391,3898619.565,12501086.96,74001741935,10141.87097,4065870.968,0,1742459.645,0,2226121.484,0,117077.0323,0,1592660.774,142681.4516,181480.8172,215619.4194,564851.2929,665538.0968,65652.08072,359154.1935,0,0,1,12,7277443.345
5306,0,0,0,0,0,0,0,2516,5697,4825,23579347.83,44921739.13,6289226.087,525000,6542793.478,8544565.217,9594565.217,2011967.391,3898619.565,12501086.96,74001741935,10141.87097,4065870.968,0,1742459.645,0,2226121.484,0,117077.0323,0,1592660.774,142681.4516,181480.8172,215619.4194,564851.2929,665538.0968,65652.08072,359154.1935,0,0,1,12,7277443.345
5398,0,0,0,0,0,0,0,2512,5692,4749,3368478.261,6417391.304,898460.8696,589666.6667,7022418.116,9228318.841,10390652.17,287423.913,4579802.018,12065718.03,74021483871,10136.25806,3922451.613,38460.19355,1858422.613,60817.16129,2375136.903,3725.419355,92530.25806,19441.16129,1823293.419,120370.9606,34698.60523,537704.3626,92593.94506,888683.2548,16290.09448,402751.1497,0,0,1,13,7800271.847
5413,0,0,0,0,0,0,0,2512,5691,4736,0,0,0,600444.4444,7102355.556,9342277.778,10523333.33,0,4693332.426,11993156.54,74024774194,10135.32258,3898548.387,44870.22581,1877749.774,70953.35484,2399972.806,4346.322581,88439.12903,22681.35484,1861732.194,116652.5455,10234.90323,591385.1865,13884.3871,925874.1145,8063.096774,410017.309,0,0,1,13,7768860.773
5413,0,0,0,0,0,0,0,2512,5691,4736,0,0,0,600444.4444,7102355.556,9342277.778,10523333.33,0,4693332.426,11993156.54,74024774194,10135.32258,3898548.387,44870.22581,1877749.774,70953.35484,2399972.806,4346.322581,88439.12903,22681.35484,1861732.194,116652.5455,10234.90323,591385.1865,13884.3871,925874.1145,8063.096774,410017.309,0,0,1,13,7768860.773
5413,0,0,0,0,0,0,0,2512,5691,4736,0,0,0,600444.4444,7102355.556,9342277.778,10523333.33,0,4693332.426,11993156.54,74024774194,10135.32258,3898548.387,44870.22581,1877749.774,70953.35484,2399972.806,4346.322581,88439.12903,22681.35484,1861732.194,116652.5455,10234.90323,591385.1865,13884.3871,925874.1145,8063.096774,410017.309,0,0,1,13,7768860.773
5669,0,0,0,0,0,0,0,2660,6013,4945,0,0,0,600444.4444,7102355.556,9342277.778,10523333.33,0,4693332.426,11993156.54,77434263825,10608.32719,4068991.935,50018.98618,1982276.728,74477.13134,2519127.532,4896.577189,101153.7166,24626.59562,1954218.896,154151.8178,13296.23041,645553.639,20109.00691,1011678.969,7751.0553,365979.7405,0,0,1,14,7177202.721
6011,0,0,0,0,0,0,0,2857,6442,5223,0,0,0,600444.4444,7102355.556,9342277.778,10523333.33,0,4693332.426,11993156.54,81980250000,11239,4296250,56884,2121646,79175.5,2678000.5,5630.25,118106.5,27220.25,2077534.5,204150.8475,17378,717778.2425,28408.5,1126085.443,7335,307262.9825,0,0,1,14,7520601.137
6011,0,0,0,0,0,0,0,2857,6442,5223,0,0,0,600444.4444,7102355.556,9342277.778,10523333.33,0,4693332.426,11993156.54,81980250000,11239,4296250,56884,2121646,79175.5,2678000.5,5630.25,118106.5,27220.25,2077534.5,204150.8475,17378,717778.2425,28408.5,1126085.443,7335,307262.9825,0,0,1,14,7520601.137
6011,0,0,0,0,0,0,0,2857,6442,5223,0,0,0,600444.4444,7102355.556,9342277.778,10523333.33,0,4693332.426,11993156.54,81980250000,11239,4296250,56884,2121646,79175.5,2678000.5,5630.25,118106.5,27220.25,2077534.5,204150.8475,17378,717778.2425,28408.5,1126085.443,7335,307262.9825,0,0,1,14,7520601.137
5745,0,0,0,0,0,0,0,2746,6187,4983,0,0,0,600444.4444,7102355.556,9342277.778,10523333.33,0,4693332.426,11993156.54,78590211982,10768.70507,4163645.161,59556.43318,2139766.691,80646.14286,2713099.968,5611.285714,116685.2673,26865.49309,2124130.507,196034.2246,14739.28571,806032.0715,23047.20276,944256.7009,7258.880184,329203.4152,0,0,1,15,7641589.716
5390,0,0,0,0,0,0,0,2598,5847,4662,0,0,0,600444.4444,7102355.556,9342277.778,10523333.33,0,4693332.426,11993156.54,74070161290,10141.64516,3986838.71,63119.67742,2163927.613,82607,2759899.258,5586,114790.2903,26392.48387,2186258.516,185212.0606,11221,923703.8435,15898.80645,701818.3787,7157.387097,358457.3255,0,0,1,15,7119923.071
5390,0,0,0,0,0,0,0,2598,5847,4662,0,0,0,600444.4444,7102355.556,9342277.778,10523333.33,0,4693332.426,11993156.54,74070161290,10141.64516,3986838.71,63119.67742,2163927.613,82607,2759899.258,5586,114790.2903,26392.48387,2186258.516,185212.0606,11221,923703.8435,15898.80645,701818.3787,7157.387097,358457.3255,0,0,1,15,7119923.071
5390,0,0,0,0,0,0,0,2598,5847,4662,0,0,0,600444.4444,7102355.556,9342277.778,10523333.33,0,4693332.426,11993156.54,74070161290,10141.64516,3986838.71,63119.67742,2163927.613,82607,2759899.258,5586,114790.2903,26392.48387,2186258.516,185212.0606,11221,923703.8435,15898.80645,701818.3787,7157.387097,358457.3255,0,0,1,15,7119923.071
5390,0,0,0,0,0,0,0,2598,5847,4662,0,0,0,600444.4444,7102355.556,9342277.778,10523333.33,0,4693332.426,11993156.54,74070161290,10141.64516,3986838.71,63119.67742,2163927.613,82607,2759899.258,5586,114790.2903,26392.48387,2186258.516,185212.0606,11221,923703.8435,15898.80645,701818.3787,7157.387097,358457.3255,0,0,1,15,7119923.071
5525,0,0,0,0,0,0,0,2694,6065,4742,0,0,0,663692.3077,7829923.077,10219615.38,11153846.15,0,4133927.196,11400561.05,76566000000,10437.23333,3965966.667,60739.7,2109197.533,79759.4,2646638.867,5505.966667,108367.9333,25868.96667,2176783.233,210907.004,14918.63333,748788.3947,21584.96667,602605.3787,12776.86667,324861.4833,0,0,1,16,8045951.364
5525,0,0,0,0,0,0,0,2694,6065,4742,0,0,0,663692.3077,7829923.077,10219615.38,11153846.15,0,4133927.196,11400561.05,76566000000,10437.23333,3965966.667,60739.7,2109197.533,79759.4,2646638.867,5505.966667,108367.9333,25868.96667,2176783.233,210907.004,14918.63333,748788.3947,21584.96667,602605.3787,12776.86667,324861.4833,0,0,1,16,8045951.364
5525,0,0,0,0,0,0,0,2694,6065,4742,0,0,0,663692.3077,7829923.077,10219615.38,11153846.15,0,4133927.196,11400561.05,76566000000,10437.23333,3965966.667,60739.7,2109197.533,79759.4,2646638.867,5505.966667,108367.9333,25868.96667,2176783.233,210907.004,14918.63333,748788.3947,21584.96667,602605.3787,12776.86667,324861.4833,0,0,1,16,8045951.364
5525,0,0,0,0,0,0,0,2694,6065,4742,0,0,0,663692.3077,7829923.077,10219615.38,11153846.15,0,4133927.196,11400561.05,76566000000,10437.23333,3965966.667,60739.7,2109197.533,79759.4,2646638.867,5505.966667,108367.9333,25868.96667,2176783.233,210907.004,14918.63333,748788.3947,21584.96667,602605.3787,12776.86667,324861.4833,0,0,1,16,8045951.364
5506,0,0,0,0,0,0,0,2626,5915,4611,0,0,0,663692.3077,7829923.077,10219615.38,11153846.15,0,4133927.196,11400561.05,74822290323,10191.74409,4010552.688,60581.78065,2105413.834,85505.17419,2599134.953,5213.294624,121546.6215,26583.55269,2186875.647,201714.0279,15620.69247,669611.4946,23197.13333,742564.1669,16684.4043,293937.0441,0,0,1,17,7713091.85
5498,0,0,0,0,0,0,0,2599,5855,4558,0,0,0,663692.3077,7829923.077,10219615.38,11153846.15,0,4133927.196,11400561.05,74124806452,10093.54839,4028387.097,60518.6129,2103900.355,87803.48387,2580133.387,5096.225806,126818.0968,26869.3871,2190912.613,198036.8374,15901.51613,637940.7345,23842,798547.6823,18247.41935,281567.2684,0,0,1,17,7604814.389
5498,0,0,0,0,0,0,0,2599,5855,4558,0,0,0,663692.3077,7829923.077,10219615.38,11153846.15,0,4133927.196,11400561.05,74124806452,10093.54839,4028387.097,60518.6129,2103900.355,87803.48387,2580133.387,5096.225806,126818.0968,26869.3871,2190912.613,198036.8374,15901.51613,637940.7345,23842,798547.6823,18247.41935,281567.2684,0,0,1,17,7604814.389
5498,0,0,0,0,0,0,0,2599,5855,4558,0,0,0,663692.3077,7829923.077,10219615.38,11153846.15,0,4133927.196,11400561.05,74124806452,10093.54839,4028387.097,60518.6129,2103900.355,87803.48387,2580133.387,5096.225806,126818.0968,26869.3871,2190912.613,198036.8374,15901.51613,637940.7345,23842,798547.6823,18247.41935,281567.2684,0,0,1,17,7604814.389
5510,0,0,0,0,0,0,0,2631,5929,4598,0,0,0,663692.3077,7829923.077,10219615.38,11153846.15,0,4133927.196,11400561.05,74839890323,10191.07742,4066219.355,60531.31398,2100063.101,85542.84086,2571053.686,5209.76129,129634.2882,26186.21935,2173242.581,201536.8839,17620.55914,639222.7946,22905.66667,779186.5069,19671.93763,311503.6028,0,0,1,18,7164081.931
5542,0,0,0,0,0,0,0,2713,6116,4697,0,0,0,663692.3077,7829923.077,10219615.38,11153846.15,0,4133927.196,11400561.05,76627600000,10434.9,4160800,60563.06667,2090469.967,79891.23333,2548354.433,5493.6,136674.7667,24478.3,2129067.5,210287,21918.16667,642427.9447,20564.83333,730783.5687,23233.23333,386344.4387,0,0,1,18,7344158.67
5542,0,0,0,0,0,0,0,2713,6116,4697,0,0,0,663692.3077,7829923.077,10219615.38,11153846.15,0,4133927.196,11400561.05,76627600000,10434.9,4160800,60563.06667,2090469.967,79891.23333,2548354.433,5493.6,136674.7667,24478.3,2129067.5,210287,21918.16667,642427.9447,20564.83333,730783.5687,23233.23333,386344.4387,0,0,1,18,7344158.67
5542,0,0,0,0,0,0,0,2713,6116,4697,0,0,0,663692.3077,7829923.077,10219615.38,11153846.15,0,4133927.196,11400561.05,76627600000,10434.9,4160800,60563.06667,2090469.967,79891.23333,2548354.433,5493.6,136674.7667,24478.3,2129067.5,210287,21918.16667,642427.9447,20564.83333,730783.5687,23233.23333,386344.4387,0,0,1,18,7344158.67
5542,0,0,0,0,0,0,0,2713,6116,4697,0,0,0,663692.3077,7829923.077,10219615.38,11153846.15,0,4133927.196,11400561.05,76627600000,10434.9,4160800,60563.06667,2090469.967,79891.23333,2548354.433,5493.6,136674.7667,24478.3,2129067.5,210287,21918.16667,642427.9447,20564.83333,730783.5687,23233.23333,386344.4387,0,0,1,18,7344158.67
5294,0,0,0,0,0,0,0,2604,5886,4513,0,0,0,714608.6957,7618815.217,9995239.13,11451086.96,0,3864380.435,11572065.22,74191193548,10105.29032,3973516.129,63272.77419,2116140.419,73394.54839,2660882,6253.032258,137226.1935,27334.32258,2207337.097,207015.051,24297.90323,475580.8671,23354.93548,714447.9074,24903.74194,430241.77,0,0,1,19,7559817.87
5294,0,0,0,0,0,0,0,2604,5886,4513,0,0,0,714608.6957,7618815.217,9995239.13,11451086.96,0,3864380.435,11572065.22,74191193548,10105.29032,3973516.129,63272.77419,2116140.419,73394.54839,2660882,6253.032258,137226.1935,27334.32258,2207337.097,207015.051,24297.90323,475580.8671,23354.93548,714447.9074,24903.74194,430241.77,0,0,1,19,7559817.87
5294,0,0,0,0,0,0,0,2604,5886,4513,0,0,0,714608.6957,7618815.217,9995239.13,11451086.96,0,3864380.435,11572065.22,74191193548,10105.29032,3973516.129,63272.77419,2116140.419,73394.54839,2660882,6253.032258,137226.1935,27334.32258,2207337.097,207015.051,24297.90323,475580.8671,23354.93548,714447.9074,24903.74194,430241.77,0,0,1,19,7559817.87
5294,0,0,0,0,0,0,0,2604,5886,4513,0,0,0,714608.6957,7618815.217,9995239.13,11451086.96,0,3864380.435,11572065.22,74191193548,10105.29032,3973516.129,63272.77419,2116140.419,73394.54839,2660882,6253.032258,137226.1935,27334.32258,2207337.097,207015.051,24297.90323,475580.8671,23354.93548,714447.9074,24903.74194,430241.77,0,0,1,19,7559817.87
5322,0,0,0,0,0,0,0,2640,5940,4485,0,0,0,714608.6957,7618815.217,9995239.13,11451086.96,0,3864380.435,11572065.22,74213000000,10131.35484,3979709.677,63604.90323,2144243.903,74811.58065,2720263.419,6618.83871,158011.0968,28844.77419,2256880.194,195706.8703,24546.80645,459516.5161,23052.48387,689821.8055,23867.22581,414891.401,0,0,1,20,7428974.694
5343,0,0,0,0,0,0,0,2667,5981,4463,0,0,0,714608.6957,7618815.217,9995239.13,11451086.96,0,3864380.435,11572065.22,74229354839,10150.90323,3984354.839,63854,2165321.516,75874.35484,2764799.484,6893.193548,173599.7742,29977.6129,2294037.516,187225.7348,24733.48387,447468.2529,22825.64516,671352.229,23089.83871,403378.6242,0,0,0,20,7885617.996
5343,0,0,0,0,0,0,0,2667,5981,4463,0,0,0,714608.6957,7618815.217,9995239.13,11451086.96,0,3864380.435,11572065.22,74229354839,10150.90323,3984354.839,63854,2165321.516,75874.35484,2764799.484,6893.193548,173599.7742,29977.6129,2294037.516,187225.7348,24733.48387,447468.2529,22825.64516,671352.229,23089.83871,403378.6242,0,0,0,20,7885617.996
5343,0,0,0,0,0,0,0,2667,5981,4463,0,0,0,714608.6957,7618815.217,9995239.13,11451086.96,0,3864380.435,11572065.22,74229354839,10150.90323,3984354.839,63854,2165321.516,75874.35484,2764799.484,6893.193548,173599.7742,29977.6129,2294037.516,187225.7348,24733.48387,447468.2529,22825.64516,671352.229,23089.83871,403378.6242,0,0,0,20,7885617.996
5374,0,0,0,0,0,0,0,2678,6010,4488,0,0,0,714608.6957,7618815.217,9995239.13,11451086.96,0,3864380.435,11572065.22,74588394624,10201.54086,4005627.957,63655.53333,2162245.771,75205.16129,2754863.496,6826.91828,174425.0065,29843.09677,2294804.471,191333.0406,24317.86237,449551.6374,22005.30538,648002.6461,23682.12366,408389.4968,0,0,0,21,7657439.767
5564,0,0,0,0,0,0,0,2747,6185,4637,0,0,0,714608.6957,7618815.217,9995239.13,11451086.96,0,3864380.435,11572065.22,76742633333,10505.36667,4133266.667,62464.73333,2143791.3,71190,2695247.567,6429.266667,179376.4,29036,2299406.2,215976.8753,21824.13333,462051.9447,17083.26667,507905.1483,27235.83333,438454.7323,0,0,0,21,7919354.125
5564,0,0,0,0,0,0,0,2747,6185,4637,0,0,0,714608.6957,7618815.217,9995239.13,11451086.96,0,3864380.435,11572065.22,76742633333,10505.36667,4133266.667,62464.73333,2143791.3,71190,2695247.567,6429.266667,179376.4,29036,2299406.2,215976.8753,21824.13333,462051.9447,17083.26667,507905.1483,27235.83333,438454.7323,0,0,0,21,7919354.125
5564,0,0,0,0,0,0,0,2747,6185,4637,0,0,0,714608.6957,7618815.217,9995239.13,11451086.96,0,3864380.435,11572065.22,76742633333,10505.36667,4133266.667,62464.73333,2143791.3,71190,2695247.567,6429.266667,179376.4,29036,2299406.2,215976.8753,21824.13333,462051.9447,17083.26667,507905.1483,27235.83333,438454.7323,0,0,0,21,7919354.125
5564,0,0,0,0,0,0,0,2747,6185,4637,0,0,0,714608.6957,7618815.217,9995239.13,11451086.96,0,3864380.435,11572065.22,76742633333,10505.36667,4133266.667,62464.73333,2143791.3,71190,2695247.567,6429.266667,179376.4,29036,2299406.2,215976.8753,21824.13333,462051.9447,17083.26667,507905.1483,27235.83333,438454.7323,0,0,0,21,7919354.125
5448,0,0,0,0,0,0,0,2558,5852,4420,0,0,0,790782.6087,7618815.217,10164282.61,11953260.87,0,3979880.435,11578391.3,74651104301,10218.76667,3925305.376,60376.82366,2088781.19,67278.96774,2626055.496,5961.176344,164420.1032,29329.22581,2378758.794,200917.0109,22274.57204,447181.322,14911.17634,523417.0609,27002.44624,418018.0703,0,0,0,22,7854563.042
5429,0,0,0,0,0,0,0,2527,5796,4383,0,0,0,803478.2609,7618815.217,10192456.52,12036956.52,0,3999130.435,11579445.65,74302516129,10171,3890645.161,60028.83871,2079612.839,66627.12903,2614523.484,5883.16129,161927.3871,29378.09677,2391984.226,198407.0335,22349.64516,444702.8848,14549.16129,526002.3797,26963.54839,414611.96,0,0,0,22,7808686.346
5429,0,0,0,0,0,0,0,2527,5796,4383,0,0,0,803478.2609,7618815.217,10192456.52,12036956.52,0,3999130.435,11579445.65,74302516129,10171,3890645.161,60028.83871,2079612.839,66627.12903,2614523.484,5883.16129,161927.3871,29378.09677,2391984.226,198407.0335,22349.64516,444702.8848,14549.16129,526002.3797,26963.54839,414611.96,0,0,0,22,7808686.346
5429,0,0,0,0,0,0,0,2527,5796,4383,0,0,0,803478.2609,7618815.217,10192456.52,12036956.52,0,3999130.435,11579445.65,74302516129,10171,3890645.161,60028.83871,2079612.839,66627.12903,2614523.484,5883.16129,161927.3871,29378.09677,2391984.226,198407.0335,22349.64516,444702.8848,14549.16129,526002.3797,26963.54839,414611.96,0,0,0,22,7808686.346
5529,0,0,0,0,0,0,0,2631,5982,4453,0,0,0,803478.2609,7618815.217,10192456.52,12036956.52,0,3999130.435,11579445.65,75377680645,10334,3978925.806,59590.99355,2070089.094,65191.94516,2590206.819,6037.506452,161290.4355,28836.48387,2400826.329,210673.9307,22007.22581,455594.5012,14865.40645,557924.7174,25210.84194,388194.178,0,0,0,23,7717394.318
5662,0,0,0,0,0,0,0,2770,6230,4545,0,0,0,803478.2609,7618815.217,10192456.52,12036956.52,0,3999130.435,11579445.65,76811233333,10551.33333,4096633.333,59007.2,2057390.767,63278.36667,2557784.6,6243.3,160441.1667,28114.33333,2412615.8,227029.7937,21550.66667,470116.6563,15287.06667,600487.8343,22873.9,352970.4687,0,0,0,23,7850645.565
5662,0,0,0,0,0,0,0,2770,6230,4545,0,0,0,803478.2609,7618815.217,10192456.52,12036956.52,0,3999130.435,11579445.65,76811233333,10551.33333,4096633.333,59007.2,2057390.767,63278.36667,2557784.6,6243.3,160441.1667,28114.33333,2412615.8,227029.7937,21550.66667,470116.6563,15287.06667,600487.8343,22873.9,352970.4687,0,0,0,23,7850645.565
5662,0,0,0,0,0,0,0,2770,6230,4545,0,0,0,803478.2609,7618815.217,10192456.52,12036956.52,0,3999130.435,11579445.65,76811233333,10551.33333,4096633.333,59007.2,2057390.767,63278.36667,2557784.6,6243.3,160441.1667,28114.33333,2412615.8,227029.7937,21550.66667,470116.6563,15287.06667,600487.8343,22873.9,352970.4687,0,0,0,23,7850645.565
5630,0,0,0,0,0,0,0,2753,6190,4522,0,0,0,803478.2609,7618815.217,10192456.52,12036956.52,0,3999130.435,11579445.65,76461232258,10498.06452,4070722.581,58256.66452,2046970.961,62556.24516,2540673.316,6520.012903,164114.8065,28024.83871,2402014.013,225813.2954,21992.83871,468075.5053,15329.71613,598806.2967,22833.49032,364010.5473,0,0,0,24,7821499.523
5434,0,0,0,0,0,0,0,2652,5946,4379,0,0,0,803478.2609,7618815.217,10192456.52,12036956.52,0,3999130.435,11579445.65,74361225806,10178.45161,3915258.065,53753.45161,1984452.129,58223.51613,2438005.613,8180.290323,186156.6452,27487.87097,2338403.29,218514.3055,24645.87097,455828.599,15585.6129,588717.071,22591.03226,430251.019,0,0,0,24,7565386.761
5434,0,0,0,0,0,0,0,2652,5946,4379,0,0,0,803478.2609,7618815.217,10192456.52,12036956.52,0,3999130.435,11579445.65,74361225806,10178.45161,3915258.065,53753.45161,1984452.129,58223.51613,2438005.613,8180.290323,186156.6452,27487.87097,2338403.29,218514.3055,24645.87097,455828.599,15585.6129,588717.071,22591.03226,430251.019,0,0,0,24,7565386.761
5434,0,0,0,0,0,0,0,2652,5946,4379,0,0,0,803478.2609,7618815.217,10192456.52,12036956.52,0,3999130.435,11579445.65,74361225806,10178.45161,3915258.065,53753.45161,1984452.129,58223.51613,2438005.613,8180.290323,186156.6452,27487.87097,2338403.29,218514.3055,24645.87097,455828.599,15585.6129,588717.071,22591.03226,430251.019,0,0,0,24,7565386.761
5434,0,0,0,0,0,0,0,2652,5946,4379,0,0,0,803478.2609,7618815.217,10192456.52,12036956.52,0,3999130.435,11579445.65,74361225806,10178.45161,3915258.065,53753.45161,1984452.129,58223.51613,2438005.613,8180.290323,186156.6452,27487.87097,2338403.29,218514.3055,24645.87097,455828.599,15585.6129,588717.071,22591.03226,430251.019,0,0,0,24,7565386.761
5444,48370.73129,0,0,0,0,0,24136.76456,2670,5983,4369,0,0,0,867477.3053,7319661.491,10278064.5,12103965.6,0,4159092.212,11445775.68,74378806452,10240.87097,3909935.484,58833.45161,2219026.323,64536.74194,2658379.968,10382.54839,219862.129,28797.06452,2414827.161,292209.8248,31644.58065,411059.9813,21258.83871,724143.6839,21243.29032,352969.1029,0,0,0,25,8226751.194
5448,67719.02381,0,0,0,0,0,33791.47039,2677,5998,4364,0,0,0,893076.9231,7200000,10312307.69,12130769.23,0,4223076.923,11392307.69,74385838710,10265.83871,3907806.452,60865.45161,2312856,67062.03226,2746529.71,11263.45161,233344.3226,29320.74194,2445396.71,321688.0326,34444.06452,393152.5342,23528.12903,778314.329,20704.19355,322056.3365,0,0,0,25,8195521.589
5448,67719.02381,0,0,0,0,0,33791.47039,2677,5998,4364,0,0,0,893076.9231,7200000,10312307.69,12130769.23,0,4223076.923,11392307.69,74385838710,10265.83871,3907806.452,60865.45161,2312856,67062.03226,2746529.71,11263.45161,233344.3226,29320.74194,2445396.71,321688.0326,34444.06452,393152.5342,23528.12903,778314.329,20704.19355,322056.3365,0,0,0,25,8195521.589
5448,67719.02381,0,0,0,0,0,33791.47039,2677,5998,4364,0,0,0,893076.9231,7200000,10312307.69,12130769.23,0,4223076.923,11392307.69,74385838710,10265.83871,3907806.452,60865.45161,2312856,67062.03226,2746529.71,11263.45161,233344.3226,29320.74194,2445396.71,321688.0326,34444.06452,393152.5342,23528.12903,778314.329,20704.19355,322056.3365,0,0,0,25,8195521.589
5592,69270.29945,0,0,0,0,0,36438.95462,2736,6134,4446,0,0,0,893076.9231,7200000,10312307.69,12130769.23,0,4223076.923,11392307.69,75858741935,10486.46607,3986945.495,63293.11568,2374746.414,68648.69299,2787272.177,11483.66741,237756.5851,30383.3871,2419280.28,357347.7303,34084.3515,356141.3325,25457.39266,830394.1396,20623.53726,325622.3631,0,0,0,26,7441668.138
5950,73148.48856,0,0,0,0,0,43057.6652,2882,6473,4650,0,0,0,893076.9231,7200000,10312307.69,12130769.23,0,4223076.923,11392307.69,79541000000,11038.03448,4184793.103,69362.27586,2529472.448,72615.34483,2889128.345,12034.2069,248787.2414,33040,2353989.207,446496.9745,33185.06897,263613.3283,30280.55172,960593.6659,20421.89655,334537.4297,0,0,0,26,7796646.401
5950,73148.48856,0,0,0,0,0,43057.6652,2882,6473,4650,0,0,0,893076.9231,7200000,10312307.69,12130769.23,0,4223076.923,11392307.69,79541000000,11038.03448,4184793.103,69362.27586,2529472.448,72615.34483,2889128.345,12034.2069,248787.2414,33040,2353989.207,446496.9745,33185.06897,263613.3283,30280.55172,960593.6659,20421.89655,334537.4297,0,0,0,26,7796646.401
5950,73148.48856,0,0,0,0,0,43057.6652,2882,6473,4650,0,0,0,893076.9231,7200000,10312307.69,12130769.23,0,4223076.923,11392307.69,79541000000,11038.03448,4184793.103,69362.27586,2529472.448,72615.34483,2889128.345,12034.2069,248787.2414,33040,2353989.207,446496.9745,33185.06897,263613.3283,30280.55172,960593.6659,20421.89655,334537.4297,0,0,0,26,7796646.401
5867,70490.82172,0,0,0,0,0,43024.99143,2828,6364,4610,0,0,0,893076.9231,7200000,10312307.69,12130769.23,0,4223076.923,11392307.69,78811483871,10913.78532,3962288.098,67614.73415,2483992.693,70974.53059,2816863.789,11814.58287,244390.7875,32277.45161,2280020.099,432846.0837,32035.2158,256871.7343,29610.6941,913221.8925,19994.41824,320133.4509,7064.516129,0,0,27,8210927.747
5366,54544.82074,0,0,0,0,0,42828.94879,2509,5716,4371,0,0,0,893076.9231,7200000,10312307.69,12130769.23,0,4223076.923,11392307.69,74434387097,10168.29032,2627258.065,57129.48387,2211114.161,61129.64516,2383276.452,10496.83871,218012.0645,27702.16129,1836205.452,350940.739,25136.09677,216422.1703,25591.54839,628991.2526,17429.54839,233709.5781,49451.6129,0,0,27,7510373.482
5366,54544.82074,0,0,0,0,0,42828.94879,2509,5716,4371,0,0,0,893076.9231,7200000,10312307.69,12130769.23,0,4223076.923,11392307.69,74434387097,10168.29032,2627258.065,57129.48387,2211114.161,61129.64516,2383276.452,10496.83871,218012.0645,27702.16129,1836205.452,350940.739,25136.09677,216422.1703,25591.54839,628991.2526,17429.54839,233709.5781,49451.6129,0,0,27,7510373.482
5366,54544.82074,0,0,0,0,0,42828.94879,2509,5716,4371,0,0,0,893076.9231,7200000,10312307.69,12130769.23,0,4223076.923,11392307.69,74434387097,10168.29032,2627258.065,57129.48387,2211114.161,61129.64516,2383276.452,10496.83871,218012.0645,27702.16129,1836205.452,350940.739,25136.09677,216422.1703,25591.54839,628991.2526,17429.54839,233709.5781,49451.6129,0,0,27,7510373.482
5366,54544.82074,0,0,0,0,0,42828.94879,2509,5716,4371,0,0,0,893076.9231,7200000,10312307.69,12130769.23,0,4223076.923,11392307.69,74434387097,10168.29032,2627258.065,57129.48387,2211114.161,61129.64516,2383276.452,10496.83871,218012.0645,27702.16129,1836205.452,350940.739,25136.09677,216422.1703,25591.54839,628991.2526,17429.54839,233709.5781,49451.6129,0,0,27,7510373.482
5157,15584.2345,0,0,0,0,0,24047.59155,2478,5648,4320,0,0,0,798021.978,4178021.978,7130329.67,8671263.736,0,2964835.165,8864835.165,76226967742,11583.55914,2244145.161,58239.87634,2169357.07,67592.6129,2466472.796,12460.09677,225712.828,32125.40323,1887353.462,172611.5876,21263.57527,91919.63081,21235.2043,293889.4181,13023.87097,137055.1185,65629.03226,0,0,28,5494217.298
5074,0,0,0,0,0,0,16535.04865,2466,5621,4300,0,0,0,760000,2969230.769,5857538.462,7287461.538,0,2461538.462,7853846.154,76944000000,12149.66667,2090900,58684.03333,2152654.233,70177.8,2499751.333,13245.4,228793.1333,33894.7,1907812.667,101279.927,19714.56667,42118.615,19492.66667,159848.6843,11261.6,98393.33467,72100,0,0,28,4302721.201
5074,0,0,0,0,0,0,16535.04865,2466,5621,4300,0,0,0,760000,2969230.769,5857538.462,7287461.538,0,2461538.462,7853846.154,76944000000,12149.66667,2090900,58684.03333,2152654.233,70177.8,2499751.333,13245.4,228793.1333,33894.7,1907812.667,101279.927,19714.56667,42118.615,19492.66667,159848.6843,11261.6,98393.33467,72100,0,0,28,4302721.201
5074,0,0,0,0,0,0,16535.04865,2466,5621,4300,0,0,0,760000,2969230.769,5857538.462,7287461.538,0,2461538.462,7853846.154,76944000000,12149.66667,2090900,58684.03333,2152654.233,70177.8,2499751.333,13245.4,228793.1333,33894.7,1907812.667,101279.927,19714.56667,42118.615,19492.66667,159848.6843,11261.6,98393.33467,72100,0,0,28,4302721.201
5069,69071.27516,10161.34917,1935.483889,0,0,6961.702258,13954.81323,2424,5523,4257,0,0,0,760000,2969230.769,5857538.462,7287461.538,0,2461538.462,7853846.154,75893225806,11733.95699,2398477.419,70648.28172,2321581.133,81875.72903,2700998.075,15499.92903,266579.7075,41152.65806,2228985.925,120317.8243,22378.24086,57772.70355,26416.21505,210982.5766,13475.61935,124634.1604,79619.35484,0,0,29,4900843.149
5063,161166.3087,23709.81474,4516.129075,0,0,16243.97194,10514.49935,2368,5393,4200,0,0,0,760000,2969230.769,5857538.462,7287461.538,0,2461538.462,7853846.154,74492193548,11179.67742,2808580.645,86600.6129,2546817,97472.96774,2969327.065,18505.96774,316961.8065,50829.93548,2657216.935,145701.6874,25929.80645,78644.82161,35647.6129,279161.0997,16427.64516,159621.9281,89645.16129,0,0,29,5742664.872
5063,161166.3087,23709.81474,4516.129075,0,0,16243.97194,10514.49935,2368,5393,4200,0,0,0,760000,2969230.769,5857538.462,7287461.538,0,2461538.462,7853846.154,74492193548,11179.67742,2808580.645,86600.6129,2546817,97472.96774,2969327.065,18505.96774,316961.8065,50829.93548,2657216.935,145701.6874,25929.80645,78644.82161,35647.6129,279161.0997,16427.64516,159621.9281,89645.16129,0,0,29,5742664.872
5063,161166.3087,23709.81474,4516.129075,0,0,16243.97194,10514.49935,2368,5393,4200,0,0,0,760000,2969230.769,5857538.462,7287461.538,0,2461538.462,7853846.154,74492193548,11179.67742,2808580.645,86600.6129,2546817,97472.96774,2969327.065,18505.96774,316961.8065,50829.93548,2657216.935,145701.6874,25929.80645,78644.82161,35647.6129,279161.0997,16427.64516,159621.9281,89645.16129,0,0,29,5742664.872
5063,161166.3087,23709.81474,4516.129075,0,0,16243.97194,10514.49935,2368,5393,4200,0,0,0,760000,2969230.769,5857538.462,7287461.538,0,2461538.462,7853846.154,74492193548,11179.67742,2808580.645,86600.6129,2546817,97472.96774,2969327.065,18505.96774,316961.8065,50829.93548,2657216.935,145701.6874,25929.80645,78644.82161,35647.6129,279161.0997,16427.64516,159621.9281,89645.16129,0,0,30,5355459.242
5354,216146.9084,0,0,0,0,0,402.6166667,2458,5573,4296,0,0,0,760000,2969230.769,5857538.462,7287461.538,0,2461538.462,7853846.154,77008866667,11352.36667,3137633.333,99820.46667,2759614.667,115148.1333,3264108.867,19749.1,314910.8667,59259.9,2869317.733,170301.929,29727.6,81840.899,42499.56667,368273.4837,20251.23333,163002.6417,117366.6667,1,0,30,5625749.57
5354,216146.9084,0,0,0,0,0,402.6166667,2458,5573,4296,0,0,0,760000,2969230.769,5857538.462,7287461.538,0,2461538.462,7853846.154,77008866667,11352.36667,3137633.333,99820.46667,2759614.667,115148.1333,3264108.867,19749.1,314910.8667,59259.9,2869317.733,170301.929,29727.6,81840.899,42499.56667,368273.4837,20251.23333,163002.6417,117366.6667,1,0,30,5625749.57
5354,216146.9084,0,0,0,0,0,402.6166667,2458,5573,4296,0,0,0,760000,2969230.769,5857538.462,7287461.538,0,2461538.462,7853846.154,77008866667,11352.36667,3137633.333,99820.46667,2759614.667,115148.1333,3264108.867,19749.1,314910.8667,59259.9,2869317.733,170301.929,29727.6,81840.899,42499.56667,368273.4837,20251.23333,163002.6417,117366.6667,1,0,30,5625749.57
5354,216146.9084,0,0,0,0,0,402.6166667,2458,5573,4296,0,0,0,760000,2969230.769,5857538.462,7287461.538,0,2461538.462,7853846.154,77008866667,11352.36667,3137633.333,99820.46667,2759614.667,115148.1333,3264108.867,19749.1,314910.8667,59259.9,2869317.733,170301.929,29727.6,81840.899,42499.56667,368273.4837,20251.23333,163002.6417,117366.6667,1,0,30,5625749.57
5230,269249.8651,13109.02874,0,0,0,4714.841935,38982.38988,2409,5424,4185,0,0,0,749751.5528,3978786.431,6787712.852,10098436.22,0,3192427.138,10091782.13,75260436559,11133.21075,3330176.344,107170.6172,2830072.462,116877.0473,3263954.146,20382.27742,313502.2753,61116.88387,2844468.776,229328.515,30769.24516,158328.7479,51429.50753,561739.9292,22113.64731,179764.5382,131597.8495,0,0,31,7344414.321
5181,290491.0478,18352.64023,0,0,0,6600.77871,54414.29916,2389,5365,4140,0,0,0,745652.1739,4382608.696,7159782.609,11222826.09,0,3484782.609,10986956.52,74561064516,11045.54839,3407193.548,110110.6774,2858255.581,117568.6129,3263892.258,20635.54839,312938.8387,61859.67742,2834529.194,252939.1494,31185.90323,188923.8874,55001.48387,639126.5074,22858.6129,186469.2968,137290.3226,0,0,31,7920113.707
5181,290491.0478,18352.64023,0,0,0,6600.77871,54414.29916,2389,5365,4140,0,0,0,745652.1739,4382608.696,7159782.609,11222826.09,0,3484782.609,10986956.52,74561064516,11045.54839,3407193.548,110110.6774,2858255.581,117568.6129,3263892.258,20635.54839,312938.8387,61859.67742,2834529.194,252939.1494,31185.90323,188923.8874,55001.48387,639126.5074,22858.6129,186469.2968,137290.3226,0,0,31,7920113.707
5181,290491.0478,18352.64023,0,0,0,6600.77871,54414.29916,2389,5365,4140,0,0,0,745652.1739,4382608.696,7159782.609,11222826.09,0,3484782.609,10986956.52,74561064516,11045.54839,3407193.548,110110.6774,2858255.581,117568.6129,3263892.258,20635.54839,312938.8387,61859.67742,2834529.194,252939.1494,31185.90323,188923.8874,55001.48387,639126.5074,22858.6129,186469.2968,137290.3226,0,0,31,7920113.707
5183,233421.5239,20389.66052,0,0,0,18834.35249,57280.36484,2391,5361,4143,0,0,0,745652.1739,4382608.696,7159782.609,11222826.09,0,3484782.609,10986956.52,74571967742,10927.09677,3445129.032,106964.8065,2808309.774,116372.4194,3241143.419,19692.12903,306685.6774,60047.48387,2791269.129,239830.2377,26445.06452,191043.9584,52184.45161,614984.4358,21802.54839,177246.8574,155096.7742,0,0,32,7149096.427
5189,90747.71427,25482.21124,0,0,0,49418.28694,64445.52905,2398,5353,4148,0,0,0,745652.1739,4382608.696,7159782.609,11222826.09,0,3484782.609,10986956.52,74599225806,10630.96774,3539967.742,99100.12903,2683445.258,113381.9355,3184271.323,17333.58065,291052.7742,55517,2683118.968,207057.9587,14592.96774,196344.1358,45141.87097,554629.2568,19162.3871,154190.759,199612.9032,0,0,32,7158939.623
5189,90747.71427,25482.21124,0,0,0,49418.28694,64445.52905,2398,5353,4148,0,0,0,745652.1739,4382608.696,7159782.609,11222826.09,0,3484782.609,10986956.52,74599225806,10630.96774,3539967.742,99100.12903,2683445.258,113381.9355,3184271.323,17333.58065,291052.7742,55517,2683118.968,207057.9587,14592.96774,196344.1358,45141.87097,554629.2568,19162.3871,154190.759,199612.9032,0,0,32,7158939.623
5189,90747.71427,25482.21124,0,0,0,49418.28694,64445.52905,2398,5353,4148,0,0,0,745652.1739,4382608.696,7159782.609,11222826.09,0,3484782.609,10986956.52,74599225806,10630.96774,3539967.742,99100.12903,2683445.258,113381.9355,3184271.323,17333.58065,291052.7742,55517,2683118.968,207057.9587,14592.96774,196344.1358,45141.87097,554629.2568,19162.3871,154190.759,199612.9032,0,0,32,7158939.623
5189,90747.71427,25482.21124,0,0,0,49418.28694,64445.52905,2398,5353,4148,0,0,0,745652.1739,4382608.696,7159782.609,11222826.09,0,3484782.609,10986956.52,74599225806,10630.96774,3539967.742,99100.12903,2683445.258,113381.9355,3184271.323,17333.58065,291052.7742,55517,2683118.968,207057.9587,14592.96774,196344.1358,45141.87097,554629.2568,19162.3871,154190.759,199612.9032,0,0,33,6912158.837
5411,101583.8554,13783.83443,2333.108,0,0,36901.78855,75929.53678,2484,5526,4355,0,0,0,745652.1739,4382608.696,7159782.609,11222826.09,0,3484782.609,10986956.52,76764032258,10984.10968,3846309.677,79327.36129,2523908.323,85865.21935,2913418.503,15481.62581,266598.5677,44914.8,2494020.11,219803.0904,16111.70968,182735.0003,38469.23871,607384.805,17095.88387,159058.3433,275316.129,0,0,33,7186996.174
5448,103389.8789,11834.10496,2721.959333,0,0,34815.70548,77843.53807,2498,5554,4389,0,0,0,745652.1739,4382608.696,7159782.609,11222826.09,0,3484782.609,10986956.52,77124833333,11042.96667,3897366.667,76031.9,2497318.833,81279.1,2868276.367,15172.96667,262522.8667,43147.76667,2462503.633,221927.279,16364.83333,180466.811,37357.13333,616177.3963,16751.46667,159869.6073,287933.3333,0,0,33,7232802.397
5448,103389.8789,11834.10496,2721.959333,0,0,34815.70548,77843.53807,2498,5554,4389,0,0,0,745652.1739,4382608.696,7159782.609,11222826.09,0,3484782.609,10986956.52,77124833333,11042.96667,3897366.667,76031.9,2497318.833,81279.1,2868276.367,15172.96667,262522.8667,43147.76667,2462503.633,221927.279,16364.83333,180466.811,37357.13333,616177.3963,16751.46667,159869.6073,287933.3333,0,0,33,7232802.397
5448,103389.8789,11834.10496,2721.959333,0,0,34815.70548,77843.53807,2498,5554,4389,0,0,0,745652.1739,4382608.696,7159782.609,11222826.09,0,3484782.609,10986956.52,77124833333,11042.96667,3897366.667,76031.9,2497318.833,81279.1,2868276.367,15172.96667,262522.8667,43147.76667,2462503.633,221927.279,16364.83333,180466.811,37357.13333,616177.3963,16751.46667,159869.6073,287933.3333,0,0,33,7232802.397
5348,114110.4458,13382.39153,19016.16174,0,6309.064516,37376.44889,52741.65834,2454,5456,4330,0,0,0,817565.2174,4795652.174,7704913.043,11401086.96,0,3702173.913,11321739.13,75723435484,10807.28065,3844751.613,67756.19677,2455619.5,72330.02903,2717268.139,13342.57097,245876.8968,38153.57742,2318433.41,236702.4845,17420.72581,176417.4338,33785.29677,597383.2864,16719.32903,176046.5215,307787.0968,0,0,34,7283791.202
5273,122150.871,14543.60645,31236.81355,0,11040.8629,39297.00645,33915.24854,2421,5382,4285,0,0,0,871500,5105434.783,8113760.87,11534782.61,0,3865217.391,11572826.09,74672387097,10630.51613,3805290.323,61549.41935,2424345,65618.22581,2604011.968,11969.77419,233392.4194,34407.93548,2210380.742,247783.8887,18212.64516,173380.401,31106.41935,583287.7039,16695.22581,188179.2071,322677.4194,0,0,34,7177865.62
5273,122150.871,14543.60645,31236.81355,0,11040.8629,39297.00645,33915.24854,2421,5382,4285,0,0,0,871500,5105434.783,8113760.87,11534782.61,0,3865217.391,11572826.09,74672387097,10630.51613,3805290.323,61549.41935,2424345,65618.22581,2604011.968,11969.77419,233392.4194,34407.93548,2210380.742,247783.8887,18212.64516,173380.401,31106.41935,583287.7039,16695.22581,188179.2071,322677.4194,0,0,34,7177865.62
5273,122150.871,14543.60645,31236.81355,0,11040.8629,39297.00645,33915.24854,2421,5382,4285,0,0,0,871500,5105434.783,8113760.87,11534782.61,0,3865217.391,11572826.09,74672387097,10630.51613,3805290.323,61549.41935,2424345,65618.22581,2604011.968,11969.77419,233392.4194,34407.93548,2210380.742,247783.8887,18212.64516,173380.401,31106.41935,583287.7039,16695.22581,188179.2071,322677.4194,0,0,34,7177865.62
5301,122178.6589,13894.80505,26774.41161,0,11562.52177,40329.85738,35941.07774,2437,5413,4315,0,0,0,871500,5105434.783,8113760.87,11534782.61,0,3865217.391,11572826.09,75032536559,10660.17097,3806310.753,60608.34516,2401184.9,64326.26022,2588718.225,11792.13978,228337.7452,33811.5828,2190338.765,273098.1567,18462.80538,175537.8769,30967.34516,592881.5697,16808.79355,191446.2856,331013.9785,0,0,35,7046819.129
5469,122345.3865,10001.99667,0,0,14692.475,46526.963,48096.05297,2534,5597,4494,0,0,0,871500,5105434.783,8113760.87,11534782.61,0,3865217.391,11572826.09,77193433333,10838.1,3812433.333,54961.9,2262224.3,56574.46667,2496955.767,10726.33333,198009.7,30233.46667,2070086.9,424983.7643,19963.76667,188482.7327,30132.9,650444.7647,17490.2,211048.7563,381033.3333,0,0,35,7315232.236
5469,122345.3865,10001.99667,0,0,14692.475,46526.963,48096.05297,2534,5597,4494,0,0,0,871500,5105434.783,8113760.87,11534782.61,0,3865217.391,11572826.09,77193433333,10838.1,3812433.333,54961.9,2262224.3,56574.46667,2496955.767,10726.33333,198009.7,30233.46667,2070086.9,424983.7643,19963.76667,188482.7327,30132.9,650444.7647,17490.2,211048.7563,381033.3333,0,0,35,7315232.236
5469,122345.3865,10001.99667,0,0,14692.475,46526.963,48096.05297,2534,5597,4494,0,0,0,871500,5105434.783,8113760.87,11534782.61,0,3865217.391,11572826.09,77193433333,10838.1,3812433.333,54961.9,2262224.3,56574.46667,2496955.767,10726.33333,198009.7,30233.46667,2070086.9,424983.7643,19963.76667,188482.7327,30132.9,650444.7647,17490.2,211048.7563,381033.3333,0,0,35,7315232.236
5469,122345.3865,10001.99667,0,0,14692.475,46526.963,48096.05297,2534,5597,4494,0,0,0,871500,5105434.783,8113760.87,11534782.61,0,3865217.391,11572826.09,77193433333,10838.1,3812433.333,54961.9,2262224.3,56574.46667,2496955.767,10726.33333,198009.7,30233.46667,2070086.9,424983.7643,19963.76667,188482.7327,30132.9,650444.7647,17490.2,211048.7563,381033.3333,0,0,36,7327848.267
5325,108745.7144,2811.620538,0,0,13139.60242,29530.32771,60891.47345,2464,5481,4419,0,0,0,871500,5105434.783,8113760.87,11534782.61,0,3865217.391,11572826.09,75077439785,10551.78387,3788697.849,55199.24839,2310436.448,51912.26022,2444261.451,9734.333333,193477.3581,29780.74409,2172080.184,417815.1992,19678.28925,200186.7131,25787.79677,623141.1645,17766.08387,212238.5714,412304.3011,0,0,36,7246200.433
5301,106479.1024,1613.224516,0,0,12880.79032,26697.55516,63024.04353,2453,5462,4406,0,0,0,871500,5105434.783,8113760.87,11534782.61,0,3865217.391,11572826.09,74724774194,10504.06452,3784741.935,55238.80645,2318471.806,51135.22581,2435479.065,9569,192721.9677,29705.29032,2189079.065,416620.4384,19630.70968,202137.3765,25063.6129,618590.5645,17812.06452,212436.8739,417516.129,0,0,36,7232592.461
5301,106479.1024,1613.224516,0,0,12880.79032,26697.55516,63024.04353,2453,5462,4406,0,0,0,871500,5105434.783,8113760.87,11534782.61,0,3865217.391,11572826.09,74724774194,10504.06452,3784741.935,55238.80645,2318471.806,51135.22581,2435479.065,9569,192721.9677,29705.29032,2189079.065,416620.4384,19630.70968,202137.3765,25063.6129,618590.5645,17812.06452,212436.8739,417516.129,0,0,36,7232592.461
5301,106479.1024,1613.224516,0,0,12880.79032,26697.55516,63024.04353,2453,5462,4406,0,0,0,871500,5105434.783,8113760.87,11534782.61,0,3865217.391,11572826.09,74724774194,10504.06452,3784741.935,55238.80645,2318471.806,51135.22581,2435479.065,9569,192721.9677,29705.29032,2189079.065,416620.4384,19630.70968,202137.3765,25063.6129,618590.5645,17812.06452,212436.8739,417516.129,0,0,36,7232592.461
5271,109252.4779,921.8425806,0,0,7360.451613,23043.08871,55983.74817,2455,5474,4397,0,0,0,1299933.333,5189857.971,8687068.116,12304637.68,0,3982395.652,11722876.81,74729032258,10991.22581,3835645.161,57053.51613,2425671.871,52292.06452,2528743.258,9661.903226,192306.7097,30503,2317010.097,321426.4842,18505.80645,225782.3884,28598.3871,680170.1661,17072.22581,201966.4065,409967.7419,0,0,36,7900390.844
5231,112950.3119,0,0,0,0,18170.46677,46596.68768,2459,5490,4385,0,0,0,1871177.778,5302422.222,9451477.778,13331111.11,0,4138633.333,11922944.44,74734709677,11640.77419,3903516.129,59473.12903,2568605.29,53834.51613,2653095.516,9785.774194,191753.0323,31566.6129,2487584.806,194501.2119,17005.93548,257309.071,33311.41935,762276.3016,16085.77419,188005.7832,399903.2258,0,0,37,7848240.367
5231,112950.3119,0,0,0,0,18170.46677,46596.68768,2459,5490,4385,0,0,0,1871177.778,5302422.222,9451477.778,13331111.11,0,4138633.333,11922944.44,74734709677,11640.77419,3903516.129,59473.12903,2568605.29,53834.51613,2653095.516,9785.774194,191753.0323,31566.6129,2487584.806,194501.2119,17005.93548,257309.071,33311.41935,762276.3016,16085.77419,188005.7832,399903.2258,0,0,37,7848240.367
5231,112950.3119,0,0,0,0,18170.46677,46596.68768,2459,5490,4385,0,0,0,1871177.778,5302422.222,9451477.778,13331111.11,0,4138633.333,11922944.44,74734709677,11640.77419,3903516.129,59473.12903,2568605.29,53834.51613,2653095.516,9785.774194,191753.0323,31566.6129,2487584.806,194501.2119,17005.93548,257309.071,33311.41935,762276.3016,16085.77419,188005.7832,399903.2258,0,0,37,7848240.367
5231,112950.3119,0,0,0,0,18170.46677,46596.68768,2459,5490,4385,0,0,0,1871177.778,5302422.222,9451477.778,13331111.11,0,4138633.333,11922944.44,74734709677,11640.77419,3903516.129,59473.12903,2568605.29,53834.51613,2653095.516,9785.774194,191753.0323,31566.6129,2487584.806,194501.2119,17005.93548,257309.071,33311.41935,762276.3016,16085.77419,188005.7832,399903.2258,0,0,37,6990356.595
5847,138649.4578,3140.466922,0,8230,43208.9,18159.88,48805.93385,2736,6124,4864,0,0,0,1871177.778,5302422.222,9451477.778,13331111.11,0,4138633.333,11922944.44,82751000000,11806,4097500,61406,2634666.25,56198.25,2777122.25,9349.25,190374.25,31825,2628415,212295.855,17554.5,314372.755,33405.75,778629.1725,17453.25,197080.9375,443500,0,0,38,7696785.525
5847,138649.4578,3140.466922,0,8230,43208.9,18159.88,48805.93385,2736,6124,4864,0,0,0,1871177.778,5302422.222,9451477.778,13331111.11,0,4138633.333,11922944.44,82751000000,11806,4097500,61406,2634666.25,56198.25,2777122.25,9349.25,190374.25,31825,2628415,212295.855,17554.5,314372.755,33405.75,778629.1725,17453.25,197080.9375,443500,0,0,38,7696785.525
5847,138649.4578,3140.466922,0,8230,43208.9,18159.88,48805.93385,2736,6124,4864,0,0,0,1871177.778,5302422.222,9451477.778,13331111.11,0,4138633.333,11922944.44,82751000000,11806,4097500,61406,2634666.25,56198.25,2777122.25,9349.25,190374.25,31825,2628415,212295.855,17554.5,314372.755,33405.75,778629.1725,17453.25,197080.9375,443500,0,0,38,7696785.525
5847,138649.4578,3140.466922,0,8230,43208.9,18159.88,48805.93385,2736,6124,4864,0,0,0,1871177.778,5302422.222,9451477.778,13331111.11,0,4138633.333,11922944.44,82751000000,11806,4097500,61406,2634666.25,56198.25,2777122.25,9349.25,190374.25,31825,2628415,212295.855,17554.5,314372.755,33405.75,778629.1725,17453.25,197080.9375,443500,0,0,38,8221024.251
5299,212306.349,111990.9617,0,9134.322581,39031.23226,35511.70677,57299.85718,2473,5557,4394,0,0,0,1871177.778,5302422.222,9451477.778,13331111.11,0,4138633.333,11922944.44,74755709677,13103.09677,4099290.323,79398.96774,2797257.581,72030,3081951.871,11122.09677,197686.3226,42635.19355,2909661.548,197086.9442,25020.25806,359852.0055,44326.93548,808813.6497,16943.16129,181398,420225.8065,0,0,39,7546765.274
5299,212306.349,111990.9617,0,9134.322581,39031.23226,35511.70677,57299.85718,2473,5557,4394,0,0,0,1871177.778,5302422.222,9451477.778,13331111.11,0,4138633.333,11922944.44,74755709677,13103.09677,4099290.323,79398.96774,2797257.581,72030,3081951.871,11122.09677,197686.3226,42635.19355,2909661.548,197086.9442,25020.25806,359852.0055,44326.93548,808813.6497,16943.16129,181398,420225.8065,0,0,39,7546765.274
5299,212306.349,111990.9617,0,9134.322581,39031.23226,35511.70677,57299.85718,2473,5557,4394,0,0,0,1871177.778,5302422.222,9451477.778,13331111.11,0,4138633.333,11922944.44,74755709677,13103.09677,4099290.323,79398.96774,2797257.581,72030,3081951.871,11122.09677,197686.3226,42635.19355,2909661.548,197086.9442,25020.25806,359852.0055,44326.93548,808813.6497,16943.16129,181398,420225.8065,0,0,39,7546765.274
5299,212306.349,111990.9617,0,9134.322581,39031.23226,35511.70677,57299.85718,2473,5557,4394,0,0,0,1871177.778,5302422.222,9451477.778,13331111.11,0,4138633.333,11922944.44,74755709677,13103.09677,4099290.323,79398.96774,2797257.581,72030,3081951.871,11122.09677,197686.3226,42635.19355,2909661.548,197086.9442,25020.25806,359852.0055,44326.93548,808813.6497,16943.16129,181398,420225.8065,0,0,39,7546765.274
5350,170587.6224,47996.12643,0,3914.709677,16727.67097,29728.9549,79335.4547,2515,5649,4448,0,0,0,3013669.597,5179499.634,9718941.026,15282564.1,0,4029040.659,11946316.85,76188294624,12126.94624,4261105.376,80236.3957,2760239.611,72539.86667,3022978.116,11349.8129,196510.9763,41614.62581,2807548.073,200569.4332,24512.56774,351928.9747,44773.92473,799679.1826,17219.62151,181753.3093,447030.1075,0,0,39,8697367.762
5388,139298.5775,0,0,0,0,25391.89099,95862.15283,2546,5718,4489,0,0,0,3870538.462,5087307.692,9919538.462,16746153.85,0,3946846.154,11963846.15,77262733333,11394.83333,4382466.667,80864.46667,2732476.133,72922.26667,2978747.8,11520.6,195629.4667,40849.2,2730962.967,203181.3,24131.8,345986.7017,45109.16667,792828.3323,17426.96667,182019.7913,467133.3333,0,0,40,8834883.406
5388,139298.5775,0,0,0,0,25391.89099,95862.15283,2546,5718,4489,0,0,0,3870538.462,5087307.692,9919538.462,16746153.85,0,3946846.154,11963846.15,77262733333,11394.83333,4382466.667,80864.46667,2732476.133,72922.26667,2978747.8,11520.6,195629.4667,40849.2,2730962.967,203181.3,24131.8,345986.7017,45109.16667,792828.3323,17426.96667,182019.7913,467133.3333,0,0,40,8834883.406
5388,139298.5775,0,0,0,0,25391.89099,95862.15283,2546,5718,4489,0,0,0,3870538.462,5087307.692,9919538.462,16746153.85,0,3946846.154,11963846.15,77262733333,11394.83333,4382466.667,80864.46667,2732476.133,72922.26667,2978747.8,11520.6,195629.4667,40849.2,2730962.967,203181.3,24131.8,345986.7017,45109.16667,792828.3323,17426.96667,182019.7913,467133.3333,0,0,40,8834883.406
5329,147132.8754,0,0,9017.096774,1652.343226,22319.78757,83466.19758,2520,5652,4452,0,0,0,3870538.462,5087307.692,9919538.462,16746153.85,0,3946846.154,11963846.15,76555666667,11188.00538,4252333.333,80100.33333,2684710.28,72329.78495,2927557.387,11458.93548,195651.6559,39781.22581,2675981.382,201199.9503,25800.03226,350540.8216,44100.63978,787571.1426,17844.15591,190119.4922,468892.4731,0,0,40,8693605.596
5180,166718.6202,0,0,31559.83871,5783.20129,14639.52903,52476.30943,2454,5486,4359,0,0,0,3870538.462,5087307.692,9919538.462,16746153.85,0,3946846.154,11963846.15,74788000000,10670.93548,3927000,78190,2565295.645,70848.58065,2799581.355,11304.77419,195707.129,37111.29032,2538527.419,196246.5761,29970.6129,361926.1213,41579.32258,774428.1684,18887.12903,210368.7442,473290.3226,0,0,41,8511064.648
5180,166718.6202,0,0,31559.83871,5783.20129,14639.52903,52476.30943,2454,5486,4359,0,0,0,3870538.462,5087307.692,9919538.462,16746153.85,0,3946846.154,11963846.15,74788000000,10670.93548,3927000,78190,2565295.645,70848.58065,2799581.355,11304.77419,195707.129,37111.29032,2538527.419,196246.5761,29970.6129,361926.1213,41579.32258,774428.1684,18887.12903,210368.7442,473290.3226,0,0,41,8511064.648
5180,166718.6202,0,0,31559.83871,5783.20129,14639.52903,52476.30943,2454,5486,4359,0,0,0,3870538.462,5087307.692,9919538.462,16746153.85,0,3946846.154,11963846.15,74788000000,10670.93548,3927000,78190,2565295.645,70848.58065,2799581.355,11304.77419,195707.129,37111.29032,2538527.419,196246.5761,29970.6129,361926.1213,41579.32258,774428.1684,18887.12903,210368.7442,473290.3226,0,0,41,8511064.648
5180,166718.6202,0,0,31559.83871,5783.20129,14639.52903,52476.30943,2454,5486,4359,0,0,0,3870538.462,5087307.692,9919538.462,16746153.85,0,3946846.154,11963846.15,74788000000,10670.93548,3927000,78190,2565295.645,70848.58065,2799581.355,11304.77419,195707.129,37111.29032,2538527.419,196246.5761,29970.6129,361926.1213,41579.32258,774428.1684,18887.12903,210368.7442,473290.3226,0,0,41,7937196.552
5292,151732.943,4000,14000,24360.09639,826.1716129,36869.75329,38968.66057,2510,5614,4473,0,0,0,3870538.462,5087307.692,9919538.462,16746153.85,0,3946846.154,11963846.15,76943400000,10923.41935,3734000,11170,2411000.406,10121.22581,2883991.194,1614.967742,161192.9613,5301.612903,2465527.574,28035.22516,4281.516129,51703.73161,5939.903226,110632.5955,2698.16129,30052.67774,481412.9032,0,0,42,8174248.556
5311,149235.3301,4666.666667,16333.33333,23160.13933,0,40574.79067,36717.38576,2520,5635,4492,0,0,0,3870538.462,5087307.692,9919538.462,16746153.85,0,3946846.154,11963846.15,77302633333,10965.5,3701833.333,47555.50838,2385284.533,53037.07263,2898059.5,7176.368715,155440.6,24239.41899,2453360.933,193822.1007,94346.57674,400036.3696,192335.247,671919.9009,43802.97152,285527.8221,482766.6667,0,0,42,8213757.223
5311,149235.3301,4666.666667,16333.33333,23160.13933,0,40574.79067,36717.38576,2520,5635,4492,0,0,0,3870538.462,5087307.692,9919538.462,16746153.85,0,3946846.154,11963846.15,77302633333,10965.5,3701833.333,47555.50838,2385284.533,53037.07263,2898059.5,7176.368715,155440.6,24239.41899,2453360.933,193822.1007,94346.57674,400036.3696,192335.247,671919.9009,43802.97152,285527.8221,482766.6667,0,0,42,8213757.223
5311,149235.3301,4666.666667,16333.33333,23160.13933,0,40574.79067,36717.38576,2520,5635,4492,0,0,0,3870538.462,5087307.692,9919538.462,16746153.85,0,3946846.154,11963846.15,77302633333,10965.5,3701833.333,47555.50838,2385284.533,53037.07263,2898059.5,7176.368715,155440.6,24239.41899,2453360.933,193822.1007,94346.57674,400036.3696,192335.247,671919.9009,43802.97152,285527.8221,482766.6667,0,0,42,8213757.223
5271,63957.99861,2000,7000,9925.774,0,17389.196,15736.02247,2475,5535,4447,0,0,0,1658802.198,2180274.725,4251230.769,7176923.077,0,1691505.495,5127362.637,33129700000,4699.5,1586500,47555.50838,1022264.8,53037.07263,1242025.5,7176.368715,66617.4,24239.41899,1051440.4,193822.1007,94346.57674,400036.3696,192335.247,671919.9009,43802.97152,285527.8221,206900,0,0,42,3695019.893
