week_start,BrandMedia_Addressable/Linear_Spends,BrandMedia_ConnectedTV_Spends,BrandMedia_Default_Spends,BrandMedia_Display_Spends,BrandMedia_LiveStreamVideo_Spends,BrandMedia_OOH_Spends,BrandMedia_Radio_Spends,BrandMedia_Social_Spends,BrandMedia_TotalDigitalVideo_Spends,NonPaid_Apps_Leads,NonPaid_Apps_Visits,NonPaid_Direct_Leads,NonPaid_Direct_Visits,NonPaid_Email_Leads,NonPaid_Email_Visits,NonPaid_OtherProperties_Leads,NonPaid_OtherProperties_Visits,NonPaid_SEO_Leads,NonPaid_SEO_Visits,PerformanceMedia_App_Spends,PerformanceMedia_Display_Leads,PerformanceMedia_Display_Spends,PerformanceMedia_Display_Visits,PerformanceMedia_PaidSearch_Leads,PerformanceMedia_PaidSearch_Spends,PerformanceMedia_PaidSearch_Visits,PerformanceMedia_Partner_Leads,PerformanceMedia_Partner_Visits,PerformanceMedia_Partners_Spends,Total_DeseasonalizedMarketplace_Revenue,Total_Marketplace_SeasonalIndex,Total_Total_Visits
2001/1/18,167802.8978,0,0,0,0,0,0,0,0,0,1799545.097,0,2643675.097,0,184857.129,0,1561738.613,0,1191621.968,38500,355595.7697,448914.7419,2207524.516,355595.7697,1123132.839,6442783.516,7854.908453,514421.6452,178953.6452,5652935.905,0.966538586,14984428.97
2008/1/18,167802.8978,0,0,0,0,0,0,0,0,0,1799545.097,0,2643675.097,0,184857.129,0,1561738.613,0,1191621.968,38500,355595.7697,448914.7419,2207524.516,355595.7697,1123132.839,6442783.516,7854.908453,514421.6452,178953.6452,5652935.905,0.966538586,14984428.97
2015/1/18,167802.8978,0,0,0,0,0,0,0,0,0,1799545.097,0,2643675.097,0,184857.129,0,1561738.613,0,1191621.968,38500,355595.7697,448914.7419,2207524.516,355595.7697,1123132.839,6442783.516,7854.908453,514421.6452,178953.6452,5652935.905,0.966538586,14984428.97
2022/1/18,167802.8978,0,0,0,0,0,0,0,0,0,1799545.097,0,2643675.097,0,184857.129,0,1561738.613,0,1191621.968,38500,355595.7697,448914.7419,2207524.516,355595.7697,1123132.839,6442783.516,7854.908453,514421.6452,178953.6452,5652935.905,0.966538586,14984428.97
2029/1/18,167802.8978,0,0,0,0,0,0,0,0,0,1897929.899,0,2745327.184,0,209741.0553,0,1639478.548,0,1274079.843,55963.28571,389329.7012,700156.8894,2171110.507,769199.7626,1174696.931,7082736.364,16428.12988,690611.8788,225736.2765,6184718.615,1.085155964,16071536.73
2005/2/18,167802.8978,0,0,0,0,0,0,0,0,0,1971718.5,0,2821566.25,0,228404,0,1697783.5,0,1335923.25,69060.75,414630.1498,888588.5,2143800,1079402.757,1213370,7562701,22858.04595,822754.554,260823.25,7046993.478,1.085155964,16886867.55
2012/2/18,167802.8978,0,0,0,0,0,0,0,0,0,1971718.5,0,2821566.25,0,228404,0,1697783.5,0,1335923.25,69060.75,414630.1498,888588.5,2143800,1079402.757,1213370,7562701,22858.04595,822754.554,260823.25,7046993.478,1.085155964,16886867.55
2019/2/18,167802.8978,0,0,0,0,0,0,0,0,0,1971718.5,0,2821566.25,0,228404,0,1697783.5,0,1335923.25,69060.75,414630.1498,888588.5,2143800,1079402.757,1213370,7562701,22858.04595,822754.554,260823.25,7046993.478,1.085155964,16886867.55
2026/2/18,167802.8978,0,0,0,0,0,0,0,0,0,1971580.15,0,2789755.969,0,227478.7834,0,1652796.597,0,1356671.697,99368.43203,382811.1831,915602.7396,1967044.332,981330.4129,1004130.424,7078696.926,24732.49609,763856.1913,267659.9735,7154187.741,1.015957679,16155084.05
2005/3/18,167802.8978,0,0,0,0,0,0,0,0,0,1971476.387,0,2765898.258,0,226784.871,0,1619056.419,0,1372233.032,122099.1935,358946.9581,935863.4194,1834477.581,907776.1546,847200.7419,6715693.871,26138.3337,719682.4194,272787.5161,6874598.071,1.015957679,15606246.42
2012/3/18,167802.8978,0,0,0,0,0,0,0,0,0,1971476.387,0,2765898.258,0,226784.871,0,1619056.419,0,1372233.032,122099.1935,358946.9581,935863.4194,1834477.581,907776.1546,847200.7419,6715693.871,26138.3337,719682.4194,272787.5161,6874598.071,1.015957679,15606246.42
2019/3/18,167802.8978,0,0,0,0,0,0,0,0,0,1971476.387,0,2765898.258,0,226784.871,0,1619056.419,0,1372233.032,122099.1935,358946.9581,935863.4194,1834477.581,907776.1546,847200.7419,6715693.871,26138.3337,719682.4194,272787.5161,6874598.071,1.015957679,15606246.42
2026/3/18,158269.6601,0,0,0,0,0,0,0,0,0,1966201.07,0,2754767.035,0,225285.8989,0,1593205.612,0,1375626.875,112742.3849,351668.6874,916700.4452,1828019.855,898796.3319,806618.0645,6583745.999,26808.29368,731808.6452,267836.7043,6911511.139,1.015957679,15465455.38
2002/4/18,101070.234,0,0,0,0,0,0,0,0,0,1934549.167,0,2687979.7,0,216292.0667,0,1438100.767,0,1395989.933,56601.53333,307999.0632,801722.6,1789273.5,844917.3952,563122,5792058.767,30828.05357,804566,238131.8333,8047205.338,0.900538162,14620709.13
2009/4/18,101070.234,0,0,0,0,0,0,0,0,0,1934549.167,0,2687979.7,0,216292.0667,0,1438100.767,0,1395989.933,56601.53333,307999.0632,801722.6,1789273.5,844917.3952,563122,5792058.767,30828.05357,804566,238131.8333,8047205.338,0.900538162,14620709.13
2016/4/18,101070.234,0,0,0,0,0,0,0,0,0,1934549.167,0,2687979.7,0,216292.0667,0,1438100.767,0,1395989.933,56601.53333,307999.0632,801722.6,1789273.5,844917.3952,563122,5792058.767,30828.05357,804566,238131.8333,8047205.338,0.900538162,14620709.13
2023/4/18,101070.234,0,0,0,0,0,0,0,0,0,1934549.167,0,2687979.7,0,216292.0667,0,1438100.767,0,1395989.933,56601.53333,307999.0632,801722.6,1789273.5,844917.3952,563122,5792058.767,30828.05357,804566,238131.8333,8047205.338,0.900538162,14620709.13
1930/4/18,101070.234,0,0,0,0,0,0,0,0,0,1936899.005,0,2823980.132,0,218883.5118,0,1494726.838,0,1408856.617,82243.03011,370460.124,586006.5742,2139996.629,760121.4724,733932.9032,5119455.096,689498.5238,800032.5161,294901.1559,7796970.725,0.907550215,14448103.51
2007/5/18,101070.234,0,0,0,0,0,0,0,0,0,1937290.645,0,2846646.871,0,219315.4194,0,1504164.516,0,1411001.065,86516.6129,380870.3008,550053.9032,2198450.484,745988.8186,762401.3871,5007354.484,799276.9355,799276.9355,304362.7097,7765627.548,0.907550215,14419335.9
2014/5/18,101070.234,0,0,0,0,0,0,0,0,0,1937290.645,0,2846646.871,0,219315.4194,0,1504164.516,0,1411001.065,86516.6129,380870.3008,550053.9032,2198450.484,745988.8186,762401.3871,5007354.484,799276.9355,799276.9355,304362.7097,7765627.548,0.907550215,14419335.9
2021/5/18,101070.234,0,0,0,0,0,0,0,0,0,1937290.645,0,2846646.871,0,219315.4194,0,1504164.516,0,1411001.065,86516.6129,380870.3008,550053.9032,2198450.484,745988.8186,762401.3871,5007354.484,799276.9355,799276.9355,304362.7097,7765627.548,0.907550215,14419335.9
2028/5/18,101070.234,0,0,0,0,0,0,0,0,0,1915372.726,0,2758682.855,0,231613.9968,0,1497909.681,0,1409927.423,101865.8645,262813.4039,565132.4161,1312717.819,472452.4327,743542.0355,3038835.519,464329.3703,488194.2774,309881.6484,7851553.345,0.9731671,11155344.62
2004/6/18,101070.234,0,0,0,0,0,0,0,0,0,1886148.833,0,2641397.5,0,248012.1,0,1489569.9,0,1408495.9,122331.5333,105404.208,585237.1,131740.9333,107737.2515,718396.2333,414143.5667,17732.61666,73417.4,317240.2333,8664262.622,0.9731671,6803356.233
2011/6/18,101070.234,0,0,0,0,0,0,0,0,0,1886148.833,0,2641397.5,0,248012.1,0,1489569.9,0,1408495.9,122331.5333,105404.208,585237.1,131740.9333,107737.2515,718396.2333,414143.5667,17732.61666,73417.4,317240.2333,8664262.622,0.9731671,6803356.233
2018/6/18,101070.234,0,0,0,0,0,0,0,0,0,1886148.833,0,2641397.5,0,248012.1,0,1489569.9,0,1408495.9,122331.5333,105404.208,585237.1,131740.9333,107737.2515,718396.2333,414143.5667,17732.61666,73417.4,317240.2333,8664262.622,0.9731671,6803356.233
2025/6/18,137526.4507,0,0,0,0,0,0,0,0,0,1891216.742,0,2657933.29,0,248847.3806,0,1542553.716,0,1437118.458,122050.729,114787.5127,541750.1226,132899.6065,128860.2961,686722.8452,421762.6839,21993.73488,94701.74839,327048.3613,8475049.994,0.9731671,6884479.91
2002/7/18,356263.7509,0,0,0,0,0,0,0,0,0,1921624.194,0,2757148.032,0,253859.0645,0,1860456.613,0,1608853.806,120365.9032,171087.341,280828.2581,139851.6452,255598.5641,496682.5161,467477.3871,47560.44422,222407.8387,385897.129,7704321.64,0.927119497,7371221.968
2009/7/18,356263.7509,0,0,0,0,0,0,0,0,0,1921624.194,0,2757148.032,0,253859.0645,0,1860456.613,0,1608853.806,120365.9032,171087.341,280828.2581,139851.6452,255598.5641,496682.5161,467477.3871,47560.44422,222407.8387,385897.129,7704321.64,0.927119497,7371221.968
2016/7/18,356263.7509,0,0,0,0,0,0,0,0,0,1921624.194,0,2757148.032,0,253859.0645,0,1860456.613,0,1608853.806,120365.9032,171087.341,280828.2581,139851.6452,255598.5641,496682.5161,467477.3871,47560.44422,222407.8387,385897.129,7704321.64,0.927119497,7371221.968
2023/7/18,356263.7509,0,0,0,0,0,0,0,0,0,1921624.194,0,2757148.032,0,253859.0645,0,1860456.613,0,1608853.806,120365.9032,171087.341,280828.2581,139851.6452,255598.5641,496682.5161,467477.3871,47560.44422,222407.8387,385897.129,7704321.64,0.927119497,7371221.968
1930/7/18,356263.7509,0,0,0,0,0,0,0,0,0,1925315.968,0,2683618.032,0,273177.6129,0,1797807.903,0,1721159.29,112337.0323,387577.2555,239932.7742,527273.9032,458703.4318,522107.5161,804629.9677,56794.29269,276925.2581,376017.9355,7136846.761,1.027673658,8212100.032
2006/8/18,356263.7509,0,0,0,0,0,0,0,0,0,1926792.677,0,2654206.032,0,280905.0323,0,1772748.419,0,1766081.484,109125.4839,474173.2213,223574.5806,682242.8065,539945.3789,532277.5161,939491,60487.83207,298732.2258,372066.2581,7211392.843,1.027673658,8548451.258
2013/8/18,356263.7509,0,0,0,0,0,0,0,0,0,1926792.677,0,2654206.032,0,280905.0323,0,1772748.419,0,1766081.484,109125.4839,474173.2213,223574.5806,682242.8065,539945.3789,532277.5161,939491,60487.83207,298732.2258,372066.2581,7211392.843,1.027673658,8548451.258
2020/8/18,356263.7509,0,0,0,0,0,0,0,0,0,1926792.677,0,2654206.032,0,280905.0323,0,1772748.419,0,1766081.484,109125.4839,474173.2213,223574.5806,682242.8065,539945.3789,532277.5161,939491,60487.83207,298732.2258,372066.2581,7211392.843,1.027673658,8548451.258
2027/8/18,356263.7509,0,0,0,0,0,0,0,0,0,1920222.217,0,2594879.518,0,274584.4516,0,1723815.604,0,1751066.308,120350.5075,424105.6851,309285.3957,571811.8903,555706.683,521474.2258,844223.3333,57198.14101,279977.228,369787.3462,7006605.477,1.064364093,8236764.946
2003/9/18,356263.7509,0,0,0,0,0,0,0,0,0,1903796.067,0,2446563.233,0,258783,0,1601483.567,0,1713528.367,148413.0667,298936.8447,523562.4333,295734.6,595109.9434,494466,606054.1667,48973.91336,233089.7333,364090.0667,7116109.41,1.064364093,7457549.167
2010/9/18,356263.7509,0,0,0,0,0,0,0,0,0,1903796.067,0,2446563.233,0,258783,0,1601483.567,0,1713528.367,148413.0667,298936.8447,523562.4333,295734.6,595109.9434,494466,606054.1667,48973.91336,233089.7333,364090.0667,7116109.41,1.064364093,7457549.167
2017/9/18,356263.7509,0,0,0,0,0,0,0,0,0,1903796.067,0,2446563.233,0,258783,0,1601483.567,0,1713528.367,148413.0667,298936.8447,523562.4333,295734.6,595109.9434,494466,606054.1667,48973.91336,233089.7333,364090.0667,7116109.41,1.064364093,7457549.167
2024/9/18,356263.7509,0,0,0,0,0,0,0,0,0,1903796.067,0,2446563.233,0,258783,0,1601483.567,0,1713528.367,148413.0667,298936.8447,523562.4333,295734.6,595109.9434,494466,606054.1667,48973.91336,233089.7333,364090.0667,7116109.41,1.064364093,7457549.167
2001/10/18,59307.15781,0,0,0,0,0,0,0,0,0,1822607.161,0,2460233.097,0,215657.5806,0,1701819.452,0,1723740.742,138921.5484,109396.4367,90118.45161,89121.51613,614060.1173,494527.1935,596328.4194,61231.97708,266835.4839,399900.0645,7096189.782,1.036809282,7174524
2008/10/18,59307.15781,0,0,0,0,0,0,0,0,0,1822607.161,0,2460233.097,0,215657.5806,0,1701819.452,0,1723740.742,138921.5484,109396.4367,90118.45161,89121.51613,614060.1173,494527.1935,596328.4194,61231.97708,266835.4839,399900.0645,7096189.782,1.036809282,7174524
2015/10/18,59307.15781,0,0,0,0,0,0,0,0,0,1822607.161,0,2460233.097,0,215657.5806,0,1701819.452,0,1723740.742,138921.5484,109396.4367,90118.45161,89121.51613,614060.1173,494527.1935,596328.4194,61231.97708,266835.4839,399900.0645,7096189.782,1.036809282,7174524
2022/10/18,59307.15781,0,0,0,0,0,0,0,0,0,1822607.161,0,2460233.097,0,215657.5806,0,1701819.452,0,1723740.742,138921.5484,109396.4367,90118.45161,89121.51613,614060.1173,494527.1935,596328.4194,61231.97708,266835.4839,399900.0645,7096189.782,1.036809282,7174524
2029/10/18,59307.15781,0,0,0,0,0,0,0,0,0,1785296.155,0,2375474.146,0,211937.4774,0,1770408.127,0,1702141.766,141914.7398,104113.1737,114737.3935,81727.20215,559585.0532,555398.8925,554527.1892,66332.97421,323257.3978,387894.1419,7007414.456,1.062837594,7034361.333
2005/11/18,59307.15781,0,0,0,0,0,0,0,0,0,1757312.9,0,2311904.933,0,209147.4,0,1821849.633,0,1685942.533,144159.6333,100150.7264,133201.6,76181.46667,518728.7551,601052.6667,523176.2667,70158.72206,365573.8333,378889.7,7071169.32,1.062837594,6929239.333
2012/11/18,59307.15781,0,0,0,0,0,0,0,0,0,1757312.9,0,2311904.933,0,209147.4,0,1821849.633,0,1685942.533,144159.6333,100150.7264,133201.6,76181.46667,518728.7551,601052.6667,523176.2667,70158.72206,365573.8333,378889.7,7071169.32,1.062837594,6929239.333
2019/11/18,59307.15781,0,0,0,0,0,0,0,0,0,1757312.9,0,2311904.933,0,209147.4,0,1821849.633,0,1685942.533,144159.6333,100150.7264,133201.6,76181.46667,518728.7551,601052.6667,523176.2667,70158.72206,365573.8333,378889.7,7071169.32,1.062837594,6929239.333
2026/11/18,59307.15781,0,0,0,0,0,0,0,0,0,1753069.113,0,2287395.376,0,182841.5806,0,1853383.296,0,1659290.602,143737.2957,123387.8952,156749.5484,228433.7204,531906.623,619477.0753,843257.7204,68871.11025,497748.2957,373250.9839,7138815.552,1.061007754,7452036.409
2003/12/18,59307.15781,0,0,0,0,0,0,0,0,0,1742459.645,0,2226121.484,0,117077.0323,0,1932217.452,0,1592660.774,142681.4516,181480.8172,215619.4194,609064.3548,564851.2929,665538.0968,1643461.355,65652.08072,828184.4516,359154.1935,7277443.345,1.061007754,8759029.097
2010/12/18,59307.15781,0,0,0,0,0,0,0,0,0,1742459.645,0,2226121.484,0,117077.0323,0,1932217.452,0,1592660.774,142681.4516,181480.8172,215619.4194,609064.3548,564851.2929,665538.0968,1643461.355,65652.08072,828184.4516,359154.1935,7277443.345,1.061007754,8759029.097
2017/12/18,59307.15781,0,0,0,0,0,0,0,0,0,1742459.645,0,2226121.484,0,117077.0323,0,1932217.452,0,1592660.774,142681.4516,181480.8172,215619.4194,609064.3548,564851.2929,665538.0968,1643461.355,65652.08072,828184.4516,359154.1935,7277443.345,1.061007754,8759029.097
2024/12/18,59307.15781,0,0,0,0,0,0,0,0,0,1742459.645,0,2226121.484,0,117077.0323,0,1932217.452,0,1592660.774,142681.4516,181480.8172,215619.4194,609064.3548,564851.2929,665538.0968,1643461.355,65652.08072,828184.4516,359154.1935,7277443.345,1.061007754,8759029.097
1931/12/18,8472.451116,0,0,0,0,0,0,0,0,38460.19355,1858422.613,60817.16129,2375136.903,3725.419355,92530.25806,124967.4194,2145591,19441.16129,1823293.419,120370.9606,34698.60523,537704.3626,614163.3871,92593.94506,888683.2548,461029.7419,16290.09448,195798.9677,402751.1497,7800271.847,0.966538586,7420375.29
2007/1/19,0,0,0,0,0,0,0,0,0,44870.22581,1877749.774,70953.35484,2399972.806,4346.322581,88439.12903,145795.3226,2181153.258,22681.35484,1861732.194,116652.5455,10234.90323,591385.1865,615013.2258,13884.3871,925874.1145,263957.8065,8063.096774,90401.3871,410017.309,7768860.773,0.966538586,7197266.323
2014/1/19,0,0,0,0,0,0,0,0,0,44870.22581,1877749.774,70953.35484,2399972.806,4346.322581,88439.12903,145795.3226,2181153.258,22681.35484,1861732.194,116652.5455,10234.90323,591385.1865,615013.2258,13884.3871,925874.1145,263957.8065,8063.096774,90401.3871,410017.309,7768860.773,0.966538586,7197266.323
2021/1/19,0,0,0,0,0,0,0,0,0,44870.22581,1877749.774,70953.35484,2399972.806,4346.322581,88439.12903,145795.3226,2181153.258,22681.35484,1861732.194,116652.5455,10234.90323,591385.1865,615013.2258,13884.3871,925874.1145,263957.8065,8063.096774,90401.3871,410017.309,7768860.773,0.966538586,7197266.323
2028/1/19,0,0,0,0,0,0,0,0,0,50018.98618,1982276.728,74477.13134,2519127.532,4896.577189,101153.7166,129019.0772,2006735.183,24626.59562,1954218.896,154151.8178,13296.23041,645553.639,915514.3433,20109.00691,1011678.969,428458.6037,7751.0553,87254.11406,365979.7405,7177202.721,1.085155964,7988003.934
2004/2/19,0,0,0,0,0,0,0,0,0,56884,2121646,79175.5,2678000.5,5630.25,118106.5,106650.75,1774177.75,27220.25,2077534.5,204150.8475,17378,717778.2425,1316182.5,28408.5,1126085.443,647793,7335,83057.75,307262.9825,7520601.137,1.085155964,9042320.75
2011/2/19,0,0,0,0,0,0,0,0,0,56884,2121646,79175.5,2678000.5,5630.25,118106.5,106650.75,1774177.75,27220.25,2077534.5,204150.8475,17378,717778.2425,1316182.5,28408.5,1126085.443,647793,7335,83057.75,307262.9825,7520601.137,1.085155964,9042320.75
2018/2/19,0,0,0,0,0,0,0,0,0,56884,2121646,79175.5,2678000.5,5630.25,118106.5,106650.75,1774177.75,27220.25,2077534.5,204150.8475,17378,717778.2425,1316182.5,28408.5,1126085.443,647793,7335,83057.75,307262.9825,7520601.137,1.085155964,9042320.75
2025/2/19,0,0,0,0,0,0,0,0,0,59556.43318,2139766.691,80646.14286,2713099.968,5611.285714,116685.2673,112992.7051,1886298.696,26865.49309,2124130.507,196034.2246,14739.28571,806032.0715,1190725.77,23047.20276,944256.7009,557537.8479,7258.880184,66282.11982,329203.4152,7641589.716,1.015957679,8908228.171
2004/3/19,0,0,0,0,0,0,0,0,0,63119.67742,2163927.613,82607,2759899.258,5586,114790.2903,121448.6452,2035793.29,26392.48387,2186258.516,185212.0606,11221,923703.8435,1023450.129,15898.80645,701818.3787,437197.6452,7157.387097,43914.6129,358457.3255,7119923.071,1.015957679,8729438.065
2011/3/19,0,0,0,0,0,0,0,0,0,63119.67742,2163927.613,82607,2759899.258,5586,114790.2903,121448.6452,2035793.29,26392.48387,2186258.516,185212.0606,11221,923703.8435,1023450.129,15898.80645,701818.3787,437197.6452,7157.387097,43914.6129,358457.3255,7119923.071,1.015957679,8729438.065
2018/3/19,0,0,0,0,0,0,0,0,0,63119.67742,2163927.613,82607,2759899.258,5586,114790.2903,121448.6452,2035793.29,26392.48387,2186258.516,185212.0606,11221,923703.8435,1023450.129,15898.80645,701818.3787,437197.6452,7157.387097,43914.6129,358457.3255,7119923.071,1.015957679,8729438.065
2025/3/19,0,0,0,0,0,0,0,0,0,63119.67742,2163927.613,82607,2759899.258,5586,114790.2903,121448.6452,2035793.29,26392.48387,2186258.516,185212.0606,11221,923703.8435,1023450.129,15898.80645,701818.3787,437197.6452,7157.387097,43914.6129,358457.3255,7119923.071,1.015957679,8729438.065
2001/4/19,0,0,0,0,0,0,0,0,0,60739.7,2109197.533,79759.4,2646638.867,5505.966667,108367.9333,74588.03333,1326594.967,25868.96667,2176783.233,210907.004,14918.63333,748788.3947,970164.0667,21584.96667,602605.3787,585063.9667,12776.86667,64593.2,324861.4833,8045951.364,0.900538162,8660808.8
2008/4/19,0,0,0,0,0,0,0,0,0,60739.7,2109197.533,79759.4,2646638.867,5505.966667,108367.9333,74588.03333,1326594.967,25868.96667,2176783.233,210907.004,14918.63333,748788.3947,970164.0667,21584.96667,602605.3787,585063.9667,12776.86667,64593.2,324861.4833,8045951.364,0.900538162,8660808.8
2015/4/19,0,0,0,0,0,0,0,0,0,60739.7,2109197.533,79759.4,2646638.867,5505.966667,108367.9333,74588.03333,1326594.967,25868.96667,2176783.233,210907.004,14918.63333,748788.3947,970164.0667,21584.96667,602605.3787,585063.9667,12776.86667,64593.2,324861.4833,8045951.364,0.900538162,8660808.8
2022/4/19,395581.3953,0,0,0,0,0,0,0,0,60739.7,2109197.533,79759.4,2646638.867,5505.966667,108367.9333,74588.03333,1326594.967,25868.96667,2176783.233,210907.004,14918.63333,748788.3947,970164.0667,21584.96667,602605.3787,585063.9667,12776.86667,64593.2,324861.4833,8045951.364,0.900538162,8660808.8
2029/4/19,713763.2135,0,0,0,0,0,0,0,0,60581.78065,2105413.834,85505.17419,2599134.953,5213.294624,121546.6215,60192.96344,1321119.714,26583.55269,2186875.647,201714.0279,15620.69247,669611.4946,1022930.54,23197.13333,742564.1669,615168.2301,16684.4043,79349.07097,293937.0441,7713091.85,0.907550215,8730418.897
2006/5/19,713763.2135,0,0,0,0,0,0,0,0,60518.6129,2103900.355,87803.48387,2580133.387,5096.225806,126818.0968,54434.93548,1318929.613,26869.3871,2190912.613,198036.8374,15901.51613,637940.7345,1044037.129,23842,798547.6823,627209.9355,18247.41935,85251.41935,281567.2684,7604814.389,0.907550215,8758262.935
2013/5/19,713763.2135,0,0,0,0,0,0,0,0,60518.6129,2103900.355,87803.48387,2580133.387,5096.225806,126818.0968,54434.93548,1318929.613,26869.3871,2190912.613,198036.8374,15901.51613,637940.7345,1044037.129,23842,798547.6823,627209.9355,18247.41935,85251.41935,281567.2684,7604814.389,0.907550215,8758262.935
2020/5/19,441035.9408,0,0,0,0,0,0,0,0,60518.6129,2103900.355,87803.48387,2580133.387,5096.225806,126818.0968,54434.93548,1318929.613,26869.3871,2190912.613,198036.8374,15901.51613,637940.7345,1044037.129,23842,798547.6823,627209.9355,18247.41935,85251.41935,281567.2684,7604814.389,0.907550215,8758262.935
2027/5/19,395581.3953,0,0,0,0,0,0,0,0,60531.31398,2100063.101,85542.84086,2571053.686,5209.76129,129634.2882,54362.29677,1299991.381,26186.21935,2173242.581,201536.8839,17620.55914,639222.7946,1125784.673,22905.66667,779186.5069,586448.4968,19671.93763,91443.93763,311503.6028,7164081.931,0.9731671,8777670.763
2003/6/19,116511.6279,0,0,0,0,0,0,0,0,60563.06667,2090469.967,79891.23333,2548354.433,5493.6,136674.7667,54180.7,1252645.8,24478.3,2129067.5,210287,21918.16667,642427.9447,1330153.533,20564.83333,730783.5687,484544.9,23233.23333,106925.2333,386344.4387,7344158.67,0.9731671,8826190.333
2010/6/19,10000,0,0,0,0,0,0,0,0,60563.06667,2090469.967,79891.23333,2548354.433,5493.6,136674.7667,54180.7,1252645.8,24478.3,2129067.5,210287,21918.16667,642427.9447,1330153.533,20564.83333,730783.5687,484544.9,23233.23333,106925.2333,386344.4387,7344158.67,0.9731671,8826190.333
2017/6/19,54687.5,0,0,0,0,0,0,0,0,60563.06667,2090469.967,79891.23333,2548354.433,5493.6,136674.7667,54180.7,1252645.8,24478.3,2129067.5,210287,21918.16667,642427.9447,1330153.533,20564.83333,730783.5687,484544.9,23233.23333,106925.2333,386344.4387,7344158.67,0.9731671,8826190.333
2024/6/19,54687.5,0,0,0,0,0,0,0,0,60563.06667,2090469.967,79891.23333,2548354.433,5493.6,136674.7667,54180.7,1252645.8,24478.3,2129067.5,210287,21918.16667,642427.9447,1330153.533,20564.83333,730783.5687,484544.9,23233.23333,106925.2333,386344.4387,7344158.67,0.9731671,8826190.333
2001/7/19,54687.5,0,0,0,0,0,0,0,0,63272.77419,2116140.419,73394.54839,2660882,6253.032258,137226.1935,67015.51613,1398002.516,27334.32258,2207337.097,207015.051,24297.90323,475580.8671,1387948.71,23354.93548,714447.9074,487129.5484,24903.74194,116785.2903,430241.77,7559817.87,0.927119497,9113449.258
2008/7/19,54687.5,0,0,0,0,0,0,0,0,63272.77419,2116140.419,73394.54839,2660882,6253.032258,137226.1935,67015.51613,1398002.516,27334.32258,2207337.097,207015.051,24297.90323,475580.8671,1387948.71,23354.93548,714447.9074,487129.5484,24903.74194,116785.2903,430241.77,7559817.87,0.927119497,9113449.258
2015/7/19,54687.5,0,0,0,0,0,0,0,0,63272.77419,2116140.419,73394.54839,2660882,6253.032258,137226.1935,67015.51613,1398002.516,27334.32258,2207337.097,207015.051,24297.90323,475580.8671,1387948.71,23354.93548,714447.9074,487129.5484,24903.74194,116785.2903,430241.77,7559817.87,0.927119497,9113449.258
2022/7/19,54687.5,0,0,0,0,0,0,0,0,63272.77419,2116140.419,73394.54839,2660882,6253.032258,137226.1935,67015.51613,1398002.516,27334.32258,2207337.097,207015.051,24297.90323,475580.8671,1387948.71,23354.93548,714447.9074,487129.5484,24903.74194,116785.2903,430241.77,7559817.87,0.927119497,9113449.258
2029/7/19,54687.5,0,0,0,0,0,0,0,0,63604.90323,2144243.903,74811.58065,2720263.419,6618.83871,158011.0968,64985.70968,1457518.129,28844.77419,2256880.194,195706.8703,24546.80645,459516.5161,1576900.839,23052.48387,689821.8055,561171.0968,23867.22581,115772.129,414891.401,7428974.694,1.027673658,9533242.677
2005/8/19,54687.5,0,0,0,0,0,0,0,0,63854,2165321.516,75874.35484,2764799.484,6893.193548,173599.7742,63463.35484,1502154.839,29977.6129,2294037.516,187225.7348,24733.48387,447468.2529,1718614.935,22825.64516,671352.229,616702.2581,23089.83871,115012.2581,403378.6242,7885617.996,1.027673658,9848087.742
2012/8/19,54687.5,0,0,0,0,0,0,0,0,63854,2165321.516,75874.35484,2764799.484,6893.193548,173599.7742,63463.35484,1502154.839,29977.6129,2294037.516,187225.7348,24733.48387,447468.2529,1718614.935,22825.64516,671352.229,616702.2581,23089.83871,115012.2581,403378.6242,7885617.996,1.027673658,9848087.742
2019/8/19,7812.5,0,0,0,0,0,0,0,0,63854,2165321.516,75874.35484,2764799.484,6893.193548,173599.7742,63463.35484,1502154.839,29977.6129,2294037.516,187225.7348,24733.48387,447468.2529,1718614.935,22825.64516,671352.229,616702.2581,23089.83871,115012.2581,403378.6242,7885617.996,1.027673658,9848087.742
2026/8/19,278906.25,0,0,0,0,0,0,0,0,63655.53333,2162245.771,75205.16129,2754863.496,6826.91828,174425.0065,62138.42796,1484296.79,29843.09677,2294804.471,191333.0406,24317.86237,449551.6374,1723518.416,22005.30538,648002.6461,602549.5688,23682.12366,117462.1022,408389.4968,7657439.767,1.064364093,9829868.831
2002/9/19,278906.25,0,0,0,0,0,0,0,0,62464.73333,2143791.3,71190,2695247.567,6429.266667,179376.4,54188.86667,1377148.5,29036,2299406.2,215976.8753,21824.13333,462051.9447,1752939.3,17083.26667,507905.1483,517633.4333,27235.83333,132161.1667,438454.7323,7919354.125,1.064364093,9720555.367
2009/9/19,278906.25,0,0,0,0,0,0,0,0,62464.73333,2143791.3,71190,2695247.567,6429.266667,179376.4,54188.86667,1377148.5,29036,2299406.2,215976.8753,21824.13333,462051.9447,1752939.3,17083.26667,507905.1483,517633.4333,27235.83333,132161.1667,438454.7323,7919354.125,1.064364093,9720555.367
2016/9/19,278906.25,0,0,0,0,0,0,0,0,62464.73333,2143791.3,71190,2695247.567,6429.266667,179376.4,54188.86667,1377148.5,29036,2299406.2,215976.8753,21824.13333,462051.9447,1752939.3,17083.26667,507905.1483,517633.4333,27235.83333,132161.1667,438454.7323,7919354.125,1.064364093,9720555.367
2023/9/19,278906.25,0,0,0,0,0,0,0,0,62464.73333,2143791.3,71190,2695247.567,6429.266667,179376.4,54188.86667,1377148.5,29036,2299406.2,215976.8753,21824.13333,462051.9447,1752939.3,17083.26667,507905.1483,517633.4333,27235.83333,132161.1667,438454.7323,7919354.125,1.064364093,9720555.367
1930/9/19,278906.25,0,0,0,0,0,0,0,0,60376.82366,2088781.19,67278.96774,2626055.496,5961.176344,164420.1032,58547.13763,1355902.984,29329.22581,2378758.794,200917.0109,22274.57204,447181.322,1871503.965,14911.17634,523417.0609,496851.0527,27002.44624,123789.9731,418018.0703,7854563.042,1.036809282,9750160.573
2007/10/19,278906.25,0,0,0,0,0,0,0,0,60028.83871,2079612.839,66627.12903,2614523.484,5883.16129,161927.3871,59273.51613,1352362.065,29378.09677,2391984.226,198407.0335,22349.64516,444702.8848,1891264.742,14549.16129,526002.3797,493387.3226,26963.54839,122394.7742,414611.96,7808686.346,1.036809282,9755094.774
2014/10/19,278906.25,0,0,0,0,0,0,0,0,60028.83871,2079612.839,66627.12903,2614523.484,5883.16129,161927.3871,59273.51613,1352362.065,29378.09677,2391984.226,198407.0335,22349.64516,444702.8848,1891264.742,14549.16129,526002.3797,493387.3226,26963.54839,122394.7742,414611.96,7808686.346,1.036809282,9755094.774
2021/10/19,278906.25,0,0,0,0,0,0,0,0,60028.83871,2079612.839,66627.12903,2614523.484,5883.16129,161927.3871,59273.51613,1352362.065,29378.09677,2391984.226,198407.0335,22349.64516,444702.8848,1891264.742,14549.16129,526002.3797,493387.3226,26963.54839,122394.7742,414611.96,7808686.346,1.036809282,9755094.774
2028/10/19,39843.75,0,0,0,0,0,0,0,0,59590.99355,2070089.094,65191.94516,2590206.819,6037.506452,161290.4355,64026.58065,1358573.123,28836.48387,2400826.329,210673.9307,22007.22581,455594.5012,1963086.71,14865.40645,557924.7174,528507.2129,25210.84194,118754.871,388194.178,7717394.318,1.062837594,9832761.471
2004/11/19,0,0,0,0,0,0,0,0,0,59007.2,2057390.767,63278.36667,2557784.6,6243.3,160441.1667,70364,1366854.533,28114.33333,2412615.8,227029.7937,21550.66667,470116.6563,2058849.333,15287.06667,600487.8343,575333.7333,22873.9,113901.6667,352970.4687,7850645.565,1.062837594,9936317.067
2011/11/19,0,0,0,0,0,0,0,0,0,59007.2,2057390.767,63278.36667,2557784.6,6243.3,160441.1667,70364,1366854.533,28114.33333,2412615.8,227029.7937,21550.66667,470116.6563,2058849.333,15287.06667,600487.8343,575333.7333,22873.9,113901.6667,352970.4687,7850645.565,1.062837594,9936317.067
2018/11/19,0,0,0,0,0,0,0,0,0,59007.2,2057390.767,63278.36667,2557784.6,6243.3,160441.1667,70364,1366854.533,28114.33333,2412615.8,227029.7937,21550.66667,470116.6563,2058849.333,15287.06667,600487.8343,575333.7333,22873.9,113901.6667,352970.4687,7850645.565,1.062837594,9936317.067
2025/11/19,0,0,0,0,0,0,0,0,0,58256.66452,2046970.961,62556.24516,2540673.316,6520.012903,164114.8065,68472.16129,1353372.245,28024.83871,2402014.013,225813.2954,21992.83871,468075.5053,2051082.71,15329.71613,598806.2967,580804.6516,22833.49032,115551.7742,364010.5473,7821499.523,1.061007754,9901212.232
2002/12/19,0,0,0,0,0,0,0,0,0,53753.45161,1984452.129,58223.51613,2438005.613,8180.290323,186156.6452,57121.12903,1272478.516,27487.87097,2338403.29,218514.3055,24645.87097,455828.599,2004482.968,15585.6129,588717.071,613630.1613,22591.03226,125452.4194,430251.019,7565386.761,1.061007754,9690583.226
2009/12/19,0,0,0,0,0,0,0,0,0,53753.45161,1984452.129,58223.51613,2438005.613,8180.290323,186156.6452,57121.12903,1272478.516,27487.87097,2338403.29,218514.3055,24645.87097,455828.599,2004482.968,15585.6129,588717.071,613630.1613,22591.03226,125452.4194,430251.019,7565386.761,1.061007754,9690583.226
2016/12/19,0,0,0,0,0,0,0,0,0,53753.45161,1984452.129,58223.51613,2438005.613,8180.290323,186156.6452,57121.12903,1272478.516,27487.87097,2338403.29,218514.3055,24645.87097,455828.599,2004482.968,15585.6129,588717.071,613630.1613,22591.03226,125452.4194,430251.019,7565386.761,1.061007754,9690583.226
2023/12/19,0,0,0,0,0,0,0,0,0,53753.45161,1984452.129,58223.51613,2438005.613,8180.290323,186156.6452,57121.12903,1272478.516,27487.87097,2338403.29,218514.3055,24645.87097,455828.599,2004482.968,15585.6129,588717.071,613630.1613,22591.03226,125452.4194,430251.019,7565386.761,1.061007754,9690583.226
1930/12/19,32261.44839,48370.73129,0,0,0,0,0,0,24136.76456,58833.45161,2219026.323,64536.74194,2658379.968,10382.54839,219862.129,63317.09677,1357593.032,28797.06452,2414827.161,292209.8248,31644.58065,411059.9813,2462151.839,21258.83871,724143.6839,828779.1935,21243.29032,150571.9355,352969.1029,8226751.194,0.966538586,10953598.55
2006/1/20,45166.02774,67719.02381,0,0,0,0,0,0,33791.47039,60865.45161,2312856,67062.03226,2746529.71,11263.45161,233344.3226,65795.48387,1391638.839,29320.74194,2445396.71,321688.0326,34444.06452,393152.5342,2645219.387,23528.12903,778314.329,914838.8065,20704.19355,160619.7419,322056.3365,8195521.589,0.966538586,11458804.68
2013/1/20,45166.02774,67719.02381,0,0,0,0,0,0,33791.47039,60865.45161,2312856,67062.03226,2746529.71,11263.45161,233344.3226,65795.48387,1391638.839,29320.74194,2445396.71,321688.0326,34444.06452,393152.5342,2645219.387,23528.12903,778314.329,914838.8065,20704.19355,160619.7419,322056.3365,8195521.589,0.966538586,11458804.68
2020/1/20,45166.02774,67719.02381,0,0,0,0,0,0,33791.47039,60865.45161,2312856,67062.03226,2746529.71,11263.45161,233344.3226,65795.48387,1391638.839,29320.74194,2445396.71,321688.0326,34444.06452,393152.5342,2645219.387,23528.12903,778314.329,914838.8065,20704.19355,160619.7419,322056.3365,8195521.589,0.966538586,11458804.68
2027/1/20,60727.38839,69270.29945,0,0,0,0,0,0,36438.95462,63293.11568,2374746.414,68648.69299,2787272.177,11483.66741,237756.5851,66718.3604,1391550.914,30383.3871,2419280.28,357347.7303,34084.3515,356141.3325,2555128.557,25457.39266,830394.1396,982594.0145,20623.53726,168906.663,325622.3631,7441668.138,1.085155964,11525684.69
2003/2/20,99630.79,73148.48856,0,0,0,0,0,0,43057.6652,69362.27586,2529472.448,72615.34483,2889128.345,12034.2069,248787.2414,69025.55172,1391331.103,33040,2353989.207,446496.9745,33185.06897,263613.3283,2329901.483,30280.55172,960593.6659,1151982.034,20421.89655,189623.9655,334537.4297,7796646.401,1.085155964,11692884.72
2010/2/20,99630.79,73148.48856,0,0,0,0,0,0,43057.6652,69362.27586,2529472.448,72615.34483,2889128.345,12034.2069,248787.2414,69025.55172,1391331.103,33040,2353989.207,446496.9745,33185.06897,263613.3283,2329901.483,30280.55172,960593.6659,1151982.034,20421.89655,189623.9655,334537.4297,7796646.401,1.085155964,11692884.72
2017/2/20,99630.79,73148.48856,0,0,0,0,0,0,43057.6652,69362.27586,2529472.448,72615.34483,2889128.345,12034.2069,248787.2414,69025.55172,1391331.103,33040,2353989.207,446496.9745,33185.06897,263613.3283,2329901.483,30280.55172,960593.6659,1151982.034,20421.89655,189623.9655,334537.4297,7796646.401,1.085155964,11692884.72
2024/2/20,92429.41355,70490.82172,0,0,0,0,0,0,43024.99143,67614.73415,2483992.693,70974.53059,2816863.789,11814.58287,244390.7875,66979.27475,1337117.388,32277.45161,2280020.099,432846.0837,32035.2158,256871.7343,2286894.317,29610.6941,913221.8925,1111024.979,19994.41824,196859.0534,320133.4509,8210927.747,1.015957679,11420045.72
2002/3/20,49221.15484,54544.82074,0,0,0,0,0,0,42828.94879,57129.48387,2211114.161,61129.64516,2383276.452,10496.83871,218012.0645,54701.6129,1011835.097,27702.16129,1836205.452,350940.739,25136.09677,216422.1703,2028851.323,25591.54839,628991.2526,865282.6452,17429.54839,240269.5806,233709.5781,7510373.482,1.015957679,9783011.677
2009/3/20,49221.15484,54544.82074,0,0,0,0,0,0,42828.94879,57129.48387,2211114.161,61129.64516,2383276.452,10496.83871,218012.0645,54701.6129,1011835.097,27702.16129,1836205.452,350940.739,25136.09677,216422.1703,2028851.323,25591.54839,628991.2526,865282.6452,17429.54839,240269.5806,233709.5781,7510373.482,1.015957679,9783011.677
2016/3/20,49221.15484,54544.82074,0,0,0,0,0,0,42828.94879,57129.48387,2211114.161,61129.64516,2383276.452,10496.83871,218012.0645,54701.6129,1011835.097,27702.16129,1836205.452,350940.739,25136.09677,216422.1703,2028851.323,25591.54839,628991.2526,865282.6452,17429.54839,240269.5806,233709.5781,7510373.482,1.015957679,9783011.677
2023/3/20,49221.15484,54544.82074,0,0,0,0,0,0,42828.94879,57129.48387,2211114.161,61129.64516,2383276.452,10496.83871,218012.0645,54701.6129,1011835.097,27702.16129,1836205.452,350940.739,25136.09677,216422.1703,2028851.323,25591.54839,628991.2526,865282.6452,17429.54839,240269.5806,233709.5781,7510373.482,1.015957679,9783011.677
1930/3/20,14063.1871,15584.2345,0,0,0,0,0,0,24047.59155,58239.87634,2169357.07,67592.6129,2466472.796,12460.09677,225712.828,56831.86559,828171.5753,32125.40323,1887353.462,172611.5876,21263.57527,91919.63081,1187646.14,21235.2043,293889.4181,587282.7796,13023.87097,214385.9516,137055.1185,5494217.298,0.900538162,8738211.027
2006/4/20,0,0,0,0,0,0,0,0,16535.04865,58684.03333,2152654.233,70177.8,2499751.333,13245.4,228793.1333,57683.96667,754706.1667,33894.7,1907812.667,101279.927,19714.56667,42118.615,851164.0667,19492.66667,159848.6843,476082.8333,11261.6,204032.5,98393.33467,4302721.201,0.900538162,8320290.767
2013/4/20,0,0,0,0,0,0,0,0,16535.04865,58684.03333,2152654.233,70177.8,2499751.333,13245.4,228793.1333,57683.96667,754706.1667,33894.7,1907812.667,101279.927,19714.56667,42118.615,851164.0667,19492.66667,159848.6843,476082.8333,11261.6,204032.5,98393.33467,4302721.201,0.900538162,8320290.767
2020/4/20,0,0,0,0,0,0,0,0,16535.04865,58684.03333,2152654.233,70177.8,2499751.333,13245.4,228793.1333,57683.96667,754706.1667,33894.7,1907812.667,101279.927,19714.56667,42118.615,851164.0667,19492.66667,159848.6843,476082.8333,11261.6,204032.5,98393.33467,4302721.201,0.900538162,8320290.767
2027/4/20,30846.77419,69071.27516,0,10161.34917,1935.483889,0,0,6961.702258,13954.81323,70648.28172,2321581.133,81875.72903,2700998.075,15499.92903,266579.7075,60349.16989,803375.5376,41152.65806,2228985.925,120317.8243,22378.24086,57772.70355,980927.0473,26416.21505,210982.5766,612357.3656,13475.61935,200275.5806,124634.1604,4900843.149,0.907550215,9311704.834
2004/5/20,71975.80645,161166.3087,0,23709.81474,4516.129075,0,0,16243.97194,10514.49935,86600.6129,2546817,97472.96774,2969327.065,18505.96774,316961.8065,63902.77419,868268.0323,50829.93548,2657216.935,145701.6874,25929.80645,78644.82161,1153944.355,35647.6129,279161.0997,794056.7419,16427.64516,195266.3548,159621.9281,5742664.872,0.907550215,10633590.26
2011/5/20,71975.80645,161166.3087,0,23709.81474,4516.129075,0,0,16243.97194,10514.49935,86600.6129,2546817,97472.96774,2969327.065,18505.96774,316961.8065,63902.77419,868268.0323,50829.93548,2657216.935,145701.6874,25929.80645,78644.82161,1153944.355,35647.6129,279161.0997,794056.7419,16427.64516,195266.3548,159621.9281,5742664.872,0.907550215,10633590.26
2018/5/20,71975.80645,161166.3087,0,23709.81474,4516.129075,0,0,16243.97194,10514.49935,86600.6129,2546817,97472.96774,2969327.065,18505.96774,316961.8065,63902.77419,868268.0323,50829.93548,2657216.935,145701.6874,25929.80645,78644.82161,1153944.355,35647.6129,279161.0997,794056.7419,16427.64516,195266.3548,159621.9281,5742664.872,0.907550215,10633590.26
2025/5/20,71975.80645,161166.3087,0,23709.81474,4516.129075,0,0,16243.97194,10514.49935,86600.6129,2546817,97472.96774,2969327.065,18505.96774,316961.8065,63902.77419,868268.0323,50829.93548,2657216.935,145701.6874,25929.80645,78644.82161,1153944.355,35647.6129,279161.0997,794056.7419,16427.64516,195266.3548,159621.9281,5355459.242,0.9731671,10633590.26
2001/6/20,0,216146.9084,0,0,0,0,0,0,402.6166667,99820.46667,2759614.667,115148.1333,3264108.867,19749.1,314910.8667,61690.3,924724.9667,59259.9,2869317.733,170301.929,29727.6,81840.899,1280443.5,42499.56667,368273.4837,937306.0667,20251.23333,282899.6333,163002.6417,5625749.57,0.9731671,11708601.33
2008/6/20,0,216146.9084,0,0,0,0,0,0,402.6166667,99820.46667,2759614.667,115148.1333,3264108.867,19749.1,314910.8667,61690.3,924724.9667,59259.9,2869317.733,170301.929,29727.6,81840.899,1280443.5,42499.56667,368273.4837,937306.0667,20251.23333,282899.6333,163002.6417,5625749.57,0.9731671,11708601.33
2015/6/20,0,216146.9084,0,0,0,0,0,0,402.6166667,99820.46667,2759614.667,115148.1333,3264108.867,19749.1,314910.8667,61690.3,924724.9667,59259.9,2869317.733,170301.929,29727.6,81840.899,1280443.5,42499.56667,368273.4837,937306.0667,20251.23333,282899.6333,163002.6417,5625749.57,0.9731671,11708601.33
2022/6/20,0,216146.9084,0,0,0,0,0,0,402.6166667,99820.46667,2759614.667,115148.1333,3264108.867,19749.1,314910.8667,61690.3,924724.9667,59259.9,2869317.733,170301.929,29727.6,81840.899,1280443.5,42499.56667,368273.4837,937306.0667,20251.23333,282899.6333,163002.6417,5625749.57,0.9731671,11708601.33
2029/6/20,0,269249.8651,0,13109.02874,0,0,0,4714.841935,38982.38988,107170.6172,2830072.462,116877.0473,3263954.146,20382.27742,313502.2753,58263.21935,913153.1011,61116.88387,2844468.776,229328.515,30769.24516,158328.7479,1351940.355,51429.50753,561739.9292,1135002.378,22113.64731,304441.0473,179764.5382,7344414.321,0.927119497,12043381.44
2006/7/20,0,290491.0478,0,18352.64023,0,0,0,6600.77871,54414.29916,110110.6774,2858255.581,117568.6129,3263892.258,20635.54839,312938.8387,56892.3871,908524.3548,61859.67742,2834529.194,252939.1494,31185.90323,188923.8874,1380539.097,55001.48387,639126.5074,1214080.903,22858.6129,313057.6129,186469.2968,7920113.707,0.927119497,12177293.48
2013/7/20,0,290491.0478,0,18352.64023,0,0,0,6600.77871,54414.29916,110110.6774,2858255.581,117568.6129,3263892.258,20635.54839,312938.8387,56892.3871,908524.3548,61859.67742,2834529.194,252939.1494,31185.90323,188923.8874,1380539.097,55001.48387,639126.5074,1214080.903,22858.6129,313057.6129,186469.2968,7920113.707,0.927119497,12177293.48
2020/7/20,0,290491.0478,0,18352.64023,0,0,0,6600.77871,54414.29916,110110.6774,2858255.581,117568.6129,3263892.258,20635.54839,312938.8387,56892.3871,908524.3548,61859.67742,2834529.194,252939.1494,31185.90323,188923.8874,1380539.097,55001.48387,639126.5074,1214080.903,22858.6129,313057.6129,186469.2968,7920113.707,0.927119497,12177293.48
2027/7/20,16380.18433,233421.5239,0,20389.66052,0,0,0,18834.35249,57280.36484,106964.8065,2808309.774,116372.4194,3241143.419,19692.12903,306685.6774,54981.67742,887389.3226,60047.48387,2791269.129,239830.2377,26445.06452,191043.9584,1257588.129,52184.45161,614984.4358,1199317.29,21802.54839,308139.1613,177246.8574,7149096.427,1.027673658,11912452.58
2003/8/20,57330.64516,90747.71427,0,25482.21124,0,0,0,49418.28694,64445.52905,99100.12903,2683445.258,113381.9355,3184271.323,17333.58065,291052.7742,50204.90323,834551.7419,55517,2683118.968,207057.9587,14592.96774,196344.1358,950210.7097,45141.87097,554629.2568,1162408.258,19162.3871,295843.0323,154190.759,7158939.623,1.027673658,11250350.32
2010/8/20,57330.64516,90747.71427,0,25482.21124,0,0,0,49418.28694,64445.52905,99100.12903,2683445.258,113381.9355,3184271.323,17333.58065,291052.7742,50204.90323,834551.7419,55517,2683118.968,207057.9587,14592.96774,196344.1358,950210.7097,45141.87097,554629.2568,1162408.258,19162.3871,295843.0323,154190.759,7158939.623,1.027673658,11250350.32
2017/8/20,57330.64516,90747.71427,0,25482.21124,0,0,0,49418.28694,64445.52905,99100.12903,2683445.258,113381.9355,3184271.323,17333.58065,291052.7742,50204.90323,834551.7419,55517,2683118.968,207057.9587,14592.96774,196344.1358,950210.7097,45141.87097,554629.2568,1162408.258,19162.3871,295843.0323,154190.759,7158939.623,1.027673658,11250350.32
2024/8/20,57330.64516,90747.71427,0,25482.21124,0,0,0,49418.28694,64445.52905,99100.12903,2683445.258,113381.9355,3184271.323,17333.58065,291052.7742,50204.90323,834551.7419,55517,2683118.968,207057.9587,14592.96774,196344.1358,950210.7097,45141.87097,554629.2568,1162408.258,19162.3871,295843.0323,154190.759,6912158.837,1.064364093,11250350.32
1931/8/20,58172.89042,101583.8554,6383.6004,13783.83443,2333.108,0,0,36901.78855,75929.53678,79327.36129,2523908.323,85865.21935,2913418.503,15481.62581,266598.5677,41614.52903,776451.8774,44914.8,2494020.11,219803.0904,16111.70968,182735.0003,840443.3871,38469.23871,607384.805,1118466.723,17095.88387,257258.4903,159058.3433,7186996.174,1.064364093,10414114.1
2007/9/20,58313.26463,103389.8789,7447.5338,11834.10496,2721.959333,0,0,34815.70548,77843.53807,76031.9,2497318.833,81279.1,2868276.367,15172.96667,262522.8667,40182.8,766768.5667,43147.76667,2462503.633,221927.279,16364.83333,180466.811,822148.8333,37357.13333,616177.3963,1111143.133,16751.46667,250827.7333,159869.6073,7232802.397,1.064364093,10274741.4
2014/9/20,58313.26463,103389.8789,7447.5338,11834.10496,2721.959333,0,0,34815.70548,77843.53807,76031.9,2497318.833,81279.1,2868276.367,15172.96667,262522.8667,40182.8,766768.5667,43147.76667,2462503.633,221927.279,16364.83333,180466.811,822148.8333,37357.13333,616177.3963,1111143.133,16751.46667,250827.7333,159869.6073,7232802.397,1.064364093,10274741.4
2021/9/20,58313.26463,103389.8789,7447.5338,11834.10496,2721.959333,0,0,34815.70548,77843.53807,76031.9,2497318.833,81279.1,2868276.367,15172.96667,262522.8667,40182.8,766768.5667,43147.76667,2462503.633,221927.279,16364.83333,180466.811,822148.8333,37357.13333,616177.3963,1111143.133,16751.46667,250827.7333,159869.6073,7232802.397,1.064364093,10274741.4
2028/9/20,106468.1217,114110.4458,3794.64149,13382.39153,19016.16174,0,6309.064516,37376.44889,52741.65834,67756.19677,2455619.5,72330.02903,2717268.139,13342.57097,245876.8968,40557.2,765967.229,38153.57742,2318433.41,236702.4845,17420.72581,176417.4338,907340.4677,33785.29677,597383.2864,1048594.781,16719.32903,259316.8258,176046.5215,7283791.202,1.036809282,9952450.019
2005/10/20,142584.2645,122150.871,1054.972258,14543.60645,31236.81355,0,11040.8629,39297.00645,33915.24854,61549.41935,2424345,65618.22581,2604011.968,11969.77419,233392.4194,40838,765366.2258,34407.93548,2210380.742,247783.8887,18212.64516,173380.401,971234.1935,31106.41935,583287.7039,1001683.516,16695.22581,265683.6452,188179.2071,7177865.62,1.036809282,9710731.484
2012/10/20,142584.2645,122150.871,1054.972258,14543.60645,31236.81355,0,11040.8629,39297.00645,33915.24854,61549.41935,2424345,65618.22581,2604011.968,11969.77419,233392.4194,40838,765366.2258,34407.93548,2210380.742,247783.8887,18212.64516,173380.401,971234.1935,31106.41935,583287.7039,1001683.516,16695.22581,265683.6452,188179.2071,7177865.62,1.036809282,9710731.484
2019/10/20,142584.2645,122150.871,1054.972258,14543.60645,31236.81355,0,11040.8629,39297.00645,33915.24854,61549.41935,2424345,65618.22581,2604011.968,11969.77419,233392.4194,40838,765366.2258,34407.93548,2210380.742,247783.8887,18212.64516,173380.401,971234.1935,31106.41935,583287.7039,1001683.516,16695.22581,265683.6452,188179.2071,7177865.62,1.036809282,9710731.484
2026/10/20,149242.2222,122178.6589,1086.279602,13894.80505,26774.41161,0,11562.52177,40329.85738,35941.07774,60608.34516,2401184.9,64326.26022,2588718.225,11792.13978,228337.7452,39589.73333,768667.7269,33811.5828,2190338.765,273098.1567,18462.80538,175537.8769,1040395.218,30967.34516,592881.5697,999888.6043,16808.79355,263759.472,191446.2856,7046819.129,1.062837594,9712622.929
2002/11/20,189189.9683,122345.3865,1274.123667,10001.99667,0,0,14692.475,46526.963,48096.05297,54961.9,2262224.3,56574.46667,2496955.767,10726.33333,198009.7,32100.13333,788476.7333,30233.46667,2070086.9,424983.7643,19963.76667,188482.7327,1455361.367,30132.9,650444.7647,989119.1333,17490.2,252214.4333,211048.7563,7315232.236,1.062837594,9723971.6
2009/11/20,189189.9683,122345.3865,1274.123667,10001.99667,0,0,14692.475,46526.963,48096.05297,54961.9,2262224.3,56574.46667,2496955.767,10726.33333,198009.7,32100.13333,788476.7333,30233.46667,2070086.9,424983.7643,19963.76667,188482.7327,1455361.367,30132.9,650444.7647,989119.1333,17490.2,252214.4333,211048.7563,7315232.236,1.062837594,9723971.6
2016/11/20,189189.9683,122345.3865,1274.123667,10001.99667,0,0,14692.475,46526.963,48096.05297,54961.9,2262224.3,56574.46667,2496955.767,10726.33333,198009.7,32100.13333,788476.7333,30233.46667,2070086.9,424983.7643,19963.76667,188482.7327,1455361.367,30132.9,650444.7647,989119.1333,17490.2,252214.4333,211048.7563,7315232.236,1.062837594,9723971.6
2023/11/20,189189.9683,122345.3865,1274.123667,10001.99667,0,0,14692.475,46526.963,48096.05297,54961.9,2262224.3,56574.46667,2496955.767,10726.33333,198009.7,32100.13333,788476.7333,30233.46667,2070086.9,424983.7643,19963.76667,188482.7327,1455361.367,30132.9,650444.7647,989119.1333,17490.2,252214.4333,211048.7563,7327848.267,1.061007754,9723971.6
1930/11/20,117604.1254,108745.7144,182.6583118,2811.620538,0,0,13139.60242,29530.32771,60891.47345,55199.24839,2310436.448,51912.26022,2444261.451,9734.333333,193477.3581,34445.79785,803429.5978,29780.74409,2172080.184,417815.1992,19678.28925,200186.7131,1452982.702,25787.79677,623141.1645,894541.9591,17766.08387,264437.6656,212238.5714,7246200.433,1.061007754,9732217.768
2007/12/20,105673.1516,106479.1024,0.747419355,1613.224516,0,0,12880.79032,26697.55516,63024.04353,55238.80645,2318471.806,51135.22581,2435479.065,9569,192721.9677,34836.74194,805921.7419,29705.29032,2189079.065,416620.4384,19630.70968,202137.3765,1452586.258,25063.6129,618590.5645,878779.0968,17812.06452,266474.871,212436.8739,7232592.461,1.061007754,9733592.129
2014/12/20,105673.1516,106479.1024,0.747419355,1613.224516,0,0,12880.79032,26697.55516,63024.04353,55238.80645,2318471.806,51135.22581,2435479.065,9569,192721.9677,34836.74194,805921.7419,29705.29032,2189079.065,416620.4384,19630.70968,202137.3765,1452586.258,25063.6129,618590.5645,878779.0968,17812.06452,266474.871,212436.8739,7232592.461,1.061007754,9733592.129
2021/12/20,105673.1516,106479.1024,0.747419355,1613.224516,0,0,12880.79032,26697.55516,63024.04353,55238.80645,2318471.806,51135.22581,2435479.065,9569,192721.9677,34836.74194,805921.7419,29705.29032,2189079.065,416620.4384,19630.70968,202137.3765,1452586.258,25063.6129,618590.5645,878779.0968,17812.06452,266474.871,212436.8739,7232592.461,1.061007754,9733592.129
2028/12/20,60384.65806,109252.4779,0.427096774,921.8425806,0,0,7360.451613,23043.08871,55983.74817,57053.51613,2425671.871,52292.06452,2528743.258,9661.903226,192306.7097,36948.16129,820776.871,30503,2317010.097,321426.4842,18505.80645,225782.3884,1370438.71,28598.3871,680170.1661,1028825.355,17072.22581,267163.5161,201966.4065,7900390.844,0.966538586,10130159.52
2004/1/21,0,112950.3119,0,0,0,0,0,18170.46677,46596.68768,59473.12903,2568605.29,53834.51613,2653095.516,9785.774194,191753.0323,39763.3871,840583.7097,31566.6129,2487584.806,194501.2119,17005.93548,257309.071,1260908.645,33311.41935,762276.3016,1228887.032,16085.77419,268081.7097,188005.7832,7848240.367,0.966538586,10658916.03
2011/1/21,0,112950.3119,0,0,0,0,0,18170.46677,46596.68768,59473.12903,2568605.29,53834.51613,2653095.516,9785.774194,191753.0323,39763.3871,840583.7097,31566.6129,2487584.806,194501.2119,17005.93548,257309.071,1260908.645,33311.41935,762276.3016,1228887.032,16085.77419,268081.7097,188005.7832,7848240.367,0.966538586,10658916.03
2018/1/21,0,112950.3119,0,0,0,0,0,18170.46677,46596.68768,59473.12903,2568605.29,53834.51613,2653095.516,9785.774194,191753.0323,39763.3871,840583.7097,31566.6129,2487584.806,194501.2119,17005.93548,257309.071,1260908.645,33311.41935,762276.3016,1228887.032,16085.77419,268081.7097,188005.7832,7848240.367,0.966538586,10658916.03
2025/1/21,0,112950.3119,0,0,0,0,0,18170.46677,46596.68768,59473.12903,2568605.29,53834.51613,2653095.516,9785.774194,191753.0323,39763.3871,840583.7097,31566.6129,2487584.806,194501.2119,17005.93548,257309.071,1260908.645,33311.41935,762276.3016,1228887.032,16085.77419,268081.7097,188005.7832,6990356.595,1.085155964,10658916.03
2001/2/21,0,138649.4578,0,3140.466922,0,8230,43208.9,18159.88,48805.93385,61406,2634666.25,56198.25,2777122.25,9349.25,190374.25,46169.5,922106.5,31825,2628415,212295.855,17554.5,314372.755,1215280,33405.75,778629.1725,1202805,17453.25,275834.25,197080.9375,7696785.525,1.085155964,10924497
2008/2/21,0,138649.4578,0,3140.466922,0,8230,43208.9,18159.88,48805.93385,61406,2634666.25,56198.25,2777122.25,9349.25,190374.25,46169.5,922106.5,31825,2628415,212295.855,17554.5,314372.755,1215280,33405.75,778629.1725,1202805,17453.25,275834.25,197080.9375,7696785.525,1.085155964,10924497
2015/2/21,0,138649.4578,0,3140.466922,0,8230,43208.9,18159.88,48805.93385,61406,2634666.25,56198.25,2777122.25,9349.25,190374.25,46169.5,922106.5,31825,2628415,212295.855,17554.5,314372.755,1215280,33405.75,778629.1725,1202805,17453.25,275834.25,197080.9375,7696785.525,1.085155964,10924497
2022/2/21,0,138649.4578,0,3140.466922,0,8230,43208.9,18159.88,48805.93385,61406,2634666.25,56198.25,2777122.25,9349.25,190374.25,46169.5,922106.5,31825,2628415,212295.855,17554.5,314372.755,1215280,33405.75,778629.1725,1202805,17453.25,275834.25,197080.9375,8221024.251,1.015957679,10924497
2001/3/21,545620.871,212306.349,0,111990.9617,0,9134.322581,39031.23226,35511.70677,57299.85718,79398.96774,2797257.581,72030,3081951.871,11122.09677,197686.3226,48728.12903,1047438.452,42635.19355,2909661.548,197086.9442,25020.25806,359852.0055,1549749.645,44326.93548,808813.6497,1316773.161,16943.16129,261986.5161,181398,7546765.274,1.015957679,12115066.65
2008/3/21,545620.871,212306.349,0,111990.9617,0,9134.322581,39031.23226,35511.70677,57299.85718,79398.96774,2797257.581,72030,3081951.871,11122.09677,197686.3226,48728.12903,1047438.452,42635.19355,2909661.548,197086.9442,25020.25806,359852.0055,1549749.645,44326.93548,808813.6497,1316773.161,16943.16129,261986.5161,181398,7546765.274,1.015957679,12115066.65
2015/3/21,545620.871,212306.349,0,111990.9617,0,9134.322581,39031.23226,35511.70677,57299.85718,79398.96774,2797257.581,72030,3081951.871,11122.09677,197686.3226,48728.12903,1047438.452,42635.19355,2909661.548,197086.9442,25020.25806,359852.0055,1549749.645,44326.93548,808813.6497,1316773.161,16943.16129,261986.5161,181398,7546765.274,1.015957679,12115066.65
2022/3/21,545620.871,212306.349,0,111990.9617,0,9134.322581,39031.23226,35511.70677,57299.85718,79398.96774,2797257.581,72030,3081951.871,11122.09677,197686.3226,48728.12903,1047438.452,42635.19355,2909661.548,197086.9442,25020.25806,359852.0055,1549749.645,44326.93548,808813.6497,1316773.161,16943.16129,261986.5161,181398,7546765.274,1.015957679,12115066.65
2029/3/21,233837.5161,170587.6224,0,47996.12643,0,3914.709677,16727.67097,29728.9549,79335.4547,80236.3957,2760239.611,72539.86667,3022978.116,11349.8129,196510.9763,49092.95054,1072726.46,41614.62581,2807548.073,200569.4332,24512.56774,351928.9747,1505552.153,44773.92473,799679.1826,1300615.355,17219.62151,257672.3355,181753.3093,8697367.762,0.900538162,11851116.62
2005/4/21,0,139298.5775,0,0,0,0,0,25391.89099,95862.15283,80864.46667,2732476.133,72922.26667,2978747.8,11520.6,195629.4667,49366.56667,1091692.467,40849.2,2730962.967,203181.3,24131.8,345986.7017,1472404.033,45109.16667,792828.3323,1288497,17426.96667,254436.7,182019.7913,8834883.406,0.900538162,11653154.1
2012/4/21,0,139298.5775,0,0,0,0,0,25391.89099,95862.15283,80864.46667,2732476.133,72922.26667,2978747.8,11520.6,195629.4667,49366.56667,1091692.467,40849.2,2730962.967,203181.3,24131.8,345986.7017,1472404.033,45109.16667,792828.3323,1288497,17426.96667,254436.7,182019.7913,8834883.406,0.900538162,11653154.1
2019/4/21,0,139298.5775,0,0,0,0,0,25391.89099,95862.15283,80864.46667,2732476.133,72922.26667,2978747.8,11520.6,195629.4667,49366.56667,1091692.467,40849.2,2730962.967,203181.3,24131.8,345986.7017,1472404.033,45109.16667,792828.3323,1288497,17426.96667,254436.7,182019.7913,8834883.406,0.900538162,11653154.1
2026/4/21,9677.419355,147132.8754,0,0,0,9017.096774,1652.343226,22319.78757,83466.19758,80100.33333,2684710.28,72329.78495,2927557.387,11458.93548,195651.6559,48308.0914,1075326.075,39781.22581,2675981.382,201199.9503,25800.03226,350540.8216,1502957.683,44100.63978,787571.1426,1265933.71,17844.15591,255845.4032,190119.4922,8693605.596,0.907550215,11508637.5
2003/5/21,33870.96774,166718.6202,0,0,0,31559.83871,5783.20129,14639.52903,52476.30943,78190,2565295.645,70848.58065,2799581.355,11304.77419,195707.129,45661.90323,1034410.097,37111.29032,2538527.419,196246.5761,29970.6129,361926.1213,1579341.806,41579.32258,774428.1684,1209525.484,18887.12903,259367.1613,210368.7442,8511064.648,0.907550215,11147346
2010/5/21,33870.96774,166718.6202,0,0,0,31559.83871,5783.20129,14639.52903,52476.30943,78190,2565295.645,70848.58065,2799581.355,11304.77419,195707.129,45661.90323,1034410.097,37111.29032,2538527.419,196246.5761,29970.6129,361926.1213,1579341.806,41579.32258,774428.1684,1209525.484,18887.12903,259367.1613,210368.7442,8511064.648,0.907550215,11147346
2017/5/21,33870.96774,166718.6202,0,0,0,31559.83871,5783.20129,14639.52903,52476.30943,78190,2565295.645,70848.58065,2799581.355,11304.77419,195707.129,45661.90323,1034410.097,37111.29032,2538527.419,196246.5761,29970.6129,361926.1213,1579341.806,41579.32258,774428.1684,1209525.484,18887.12903,259367.1613,210368.7442,8511064.648,0.907550215,11147346
2024/5/21,33870.96774,166718.6202,0,0,0,31559.83871,5783.20129,14639.52903,52476.30943,78190,2565295.645,70848.58065,2799581.355,11304.77419,195707.129,45661.90323,1034410.097,37111.29032,2538527.419,196246.5761,29970.6129,361926.1213,1579341.806,41579.32258,774428.1684,1209525.484,18887.12903,259367.1613,210368.7442,7937196.552,0.9731671,11147346
1931/5/21,80617.90968,151732.943,0,4000,14000,24360.09639,826.1716129,36869.75329,38968.66057,11170,2411000.406,10121.22581,2883991.194,1614.967742,161192.9613,6523.129032,989293.271,5301.612903,2465527.574,28035.22516,4281.516129,51703.73161,1421700.258,5939.903226,110632.5955,1147957.755,2698.16129,233429.6516,30052.67774,8174248.556,0.9731671,10724799.8
2007/6/21,88409.06667,149235.3301,0,4666.666667,16333.33333,23160.13933,0,40574.79067,36717.38576,,2385284.533,,2898059.5,,155440.6,,981773.8,,2453360.933,,,,1395426.667,,,1137696.467,,229106.7333,,8213757.223,0.9731671,10654375.43
2014/6/21,88409.06667,149235.3301,0,4666.666667,16333.33333,23160.13933,0,40574.79067,36717.38576,,2385284.533,,2898059.5,,155440.6,,981773.8,,2453360.933,,,,1395426.667,,,1137696.467,,229106.7333,,8213757.223,0.9731671,10654375.43
2021/6/21,88409.06667,149235.3301,0,4666.666667,16333.33333,23160.13933,0,40574.79067,36717.38576,,2385284.533,,2898059.5,,155440.6,,981773.8,,2453360.933,,,,1395426.667,,,1137696.467,,229106.7333,,8213757.223,0.9731671,10654375.43
2028/6/21,37889.6,63957.99861,0,2000,7000,9925.774,0,17389.196,15736.02247,,1022264.8,,1242025.5,,66617.4,,420760.2,,1051440.4,,,,598040,,,487584.2,,98188.6,,3695019.893,0.927119497,4566160.9